<?xml version="1.0" encoding="iso-8859-1"?>
<pingus-worldmap>
  <head>
    <name>Tutorial Island</name>
    <short-name>tutorial</short-name>
    <description>Learn the basics</description>
    <music>pingus-1.it</music>
    <author>Ingo Ruhnke</author>
    <email>grumbel@gmx.de</email>
    <width>1161</width>
    <height>600</height>
    <default-node>leveldot_1</default-node>
    <final-node>leveldot_19</final-node>
  </head>
  
  <intro_story>
    <title>The Journey Begins</title>
    <music>pingus-4.it</music>
    <pages>
      <page00>
        <surface>
          <image>story/story0</image>
          <modifier>ROT0</modifier>
        </surface>
        <text>For a long time, the Pingus have lived happily in peace on the South Pole along with all the other animals. Everything was in balance and it seemed like nothing could disrupt their peace.  The Pingus were happy and it seemed like this could never end.</text>
      </page00>
      <page01>
        <surface>
          <image>story/story1</image>
          <modifier>ROT0</modifier>
        </surface>
        <text>But then one day, things began to change slowly: the sky got darker and the earth got warmer. Firstly, they thought this was just a normal fluctuation in the world's climate, but things seemed to get worse and worse with every year.</text>
      </page01>
      <page02>
        <surface>
          <image>story/story2</image>
          <modifier>ROT0</modifier>
        </surface>
        <text>The snow began to melt away in a few areas and food became an issue. Other animals tried to leave the region to search for colder areas, but the Pingus knew that this wouldn't help: they knew that they had to do something about it.</text>
      </page02>
      <page03>
        <surface>
          <image>story/story3</image>
          <modifier>ROT0</modifier>
        </surface>
        <text>So the circle of the eldest came together to decide what to do about it. They decided to send out an expedition around the world to find the cause of this warming. The expedition consisted of hundreds of the bravest Pingus on the South Pole.</text>
      </page03>
      <page04>
        <surface>
          <image>story/story4</image>
          <modifier>ROT0</modifier>
        </surface>
        <text>And they picked you to lead them on their journey around the world. Since the journey will be dangerous and difficult, your first goal is the Island of Mogorok, also known as the Tutorial Island. According to the eldest, this island has always been the first stop of Pingus that were sent out into the world.</text>
      </page04>
      <page05>
        <surface>
          <image>story/story5</image>
          <modifier>ROT0</modifier>
        </surface>
        <text>The island consists of many areas that are ideal to teach the Pingus their abilities. The Pingus can learn to build bridges, climb, bash and use many other talents which they will need on their long and dangerous journey.</text>
      </page05>
      <page06>
        <surface>
          <image>story/story6</image>
          <modifier>ROT0</modifier>
        </surface>
        <text>While there, you can practice your abilities in commanding and guiding the Pingus. You can also get familiar with all the abilities the Pingus provide and learn to master them, since you will need all of them on your journey around the world.</text>
      </page06>
      <page07>
        <surface>
          <image>story/story6</image>
          <modifier>ROT0</modifier>
        </surface>
        <text>Now that you and the Pingus have arrived at Tutorial Island it is time to take command and begin your mission. Good Luck!</text>
      </page07>
    </pages>
  </intro_story>
  
  <end_story>
    <title>The Journey Continues</title>
    <music>pingus-4.it</music>
    <pages>
      <page01>
        <surface>
          <image>story/credits1</image>
          <modifier>ROT0</modifier>
        </surface>
        <text>Now after you and the Pingus have learned the basics and practiced a bit it is time to move on and begin the journey into the world. Since the ice floe with which the Pingus traveled to the Tutorial Island isn't going to hold on the whole way into the warmer climates the Pingus have to find something else to guide them on their journey.</text>
      </page01>
      <page02>
        <surface>
          <image>story/credits2</image>
          <modifier>ROT0</modifier>
        </surface>
        <text>But as the eldest have said, the Tutorial Island provides not only a good way to practice, but it is also the starting point into the world. After some searching the Pingus discovered the meaning of this, and they found the large tree at the end of the island which gave them wood to construct a float.</text>
      </page02>
      <page03>
        <surface>
          <image>story/credits3</image>
          <modifier>ROT0</modifier>
        </surface>
        <text>So the Pingus set out and constructed some large rafts, enough to carry them all. After also packing a bunch of provisions they were prepared to start their journey and leave their familiar ground and enter the unknown parts of the world.</text>
      </page03>
      <page04>
        <surface>
          <image>story/credits4</image>
          <modifier>ROT0</modifier>
        </surface>
        <text>So the Pingus sit on their raft, worrying about what's to come and where to go, while floating into the sunset.  To be continued...</text>
      </page04>
    </pages>
  </end_story>
  
  <graph>
    <nodes>
      <leveldot>
        <dot>
          <name>leveldot_1</name>
          <position>
            <x>135</x>
            <y>414</y>
            <z>0</z>
          </position>
        </dot>
        <levelname>tutorial/digger-tutorial2-grumbel</levelname>
      </leveldot>
      <leveldot>
        <dot>
          <name>leveldot_2</name>
          <position>
            <x>240</x>
            <y>404</y>
            <z>0</z>
          </position>
        </dot>
        <levelname>tutorial/floater-tutorial-grumbel</levelname>
      </leveldot>
      <leveldot>
        <dot>
          <name>leveldot_3</name>
          <position>
            <x>326</x>
            <y>360</y>
            <z>-55</z>
          </position>
        </dot>
        <levelname>tutorial/snow8-grumbel</levelname>
      </leveldot>
      <leveldot>
        <dot>
          <name>leveldot_4</name>
          <position>
            <x>415</x>
            <y>325</y>
            <z>-55</z>
          </position>
        </dot>
        <levelname>tutorial/basher-tutorial-grumbel</levelname>
      </leveldot>
      <leveldot>
        <dot>
          <name>leveldot_5</name>
          <position>
            <x>520</x>
            <y>288</y>
            <z>0</z>
          </position>
        </dot>
        <levelname>tutorial/snow9-grumbel</levelname>
      </leveldot>
      <leveldot>
        <dot>
          <name>leveldot_6</name>
          <position>
            <x>595</x>
            <y>280</y>
            <z>0</z>
          </position>
        </dot>
        <levelname>tutorial/snow10-grumbel</levelname>
      </leveldot>
      <leveldot>
        <dot>
          <name>leveldot_7</name>
          <position>
            <x>658</x>
            <y>216</y>
            <z>0</z>
          </position>
        </dot>
        <levelname>tutorial/jumper-tutorial-grumbel</levelname>
      </leveldot>
      <leveldot>
        <dot>
          <name>leveldot_8</name>
          <position>
            <x>739</x>
            <y>213</y>
            <z>0</z>
          </position>
        </dot>
        <levelname>tutorial/miner-tutorial2-grumbel</levelname>
      </leveldot>
      <leveldot>
        <dot>
          <name>leveldot_9</name>
          <position>
            <x>819.5</x>
            <y>298.5</y>
            <z>0</z>
          </position>
        </dot>
        <levelname>tutorial/bomber-tutorial2-grumbel</levelname>
      </leveldot>
      <leveldot>
        <dot>
          <name>leveldot_10</name>
          <position>
            <x>736</x>
            <y>330</y>
            <z>0</z>
          </position>
        </dot>
        <levelname>tutorial/solid-tutorial-grumbel</levelname>
      </leveldot>
      <leveldot>
        <dot>
          <name>leveldot_11</name>
          <position>
            <x>594</x>
            <y>376</y>
            <z>5000</z>
          </position>
        </dot>
        <levelname>tutorial/snow14-grumbel</levelname>
      </leveldot>
      <leveldot>
        <dot>
          <name>leveldot_12</name>
          <position>
            <x>481</x>
            <y>373</y>
            <z>5000</z>
          </position>
        </dot>
        <levelname>tutorial/snow19-grumbel</levelname>
      </leveldot>
      <leveldot>
        <dot>
          <name>leveldot_13</name>
          <position>
            <x>373</x>
            <y>418</y>
            <z>5000</z>
          </position>
        </dot>
        <levelname>tutorial/snow21-grumbel</levelname>
      </leveldot>
      <leveldot>
        <dot>
          <name>leveldot_14</name>
          <position>
            <x>454</x>
            <y>460</y>
            <z>5000</z>
          </position>
        </dot>
        <levelname>tutorial/snow15-grumbel</levelname>
      </leveldot>
      <leveldot>
        <dot>
          <name>leveldot_15</name>
          <position>
            <x>630</x>
            <y>467</y>
            <z>150</z>
          </position>
        </dot>
        <levelname>tutorial/snow20-grumbel</levelname>
      </leveldot>
      <leveldot>
        <dot>
          <name>leveldot_16</name>
          <position>
            <x>718</x>
            <y>473</y>
            <z>150</z>
          </position>
        </dot>
        <levelname>tutorial/snow17-grumbel</levelname>
      </leveldot>
      <leveldot>
        <dot>
          <name>leveldot_17</name>
          <position>
            <x>844</x>
            <y>445</y>
            <z>150</z>
          </position>
        </dot>
        <levelname>tutorial/snow12-grumbel</levelname>
      </leveldot>
      <leveldot>
        <dot>
          <name>leveldot_18</name>
          <position>
            <x>962</x>
            <y>383</y>
            <z>0</z>
          </position>
        </dot>
        <levelname>tutorial/snow7-grumbel</levelname>
      </leveldot>
      <leveldot>
        <dot>
          <name>leveldot_19</name>
          <position>
            <x>1028</x>
            <y>388</y>
            <z>0</z>
          </position>
        </dot>
        <levelname>tutorial/snow11-grumbel</levelname>
      </leveldot>
      <leveldot>
        <dot>
          <name>leveldot_20</name>
          <position>
            <x>729</x>
            <y>403</y>
            <z>0</z>
          </position>
        </dot>
        <levelname>tutorial/snow16-grumbel</levelname>
      </leveldot>
      <leveldot>
        <dot>
          <name>leveldot_21</name>
          <position>
            <x>870</x>
            <y>377</y>
            <z>0</z>
          </position>
        </dot>
        <levelname>tutorial/snow22-grumbel</levelname>
      </leveldot>
    </nodes>
    <edges>
      <edge>
        <name>egde_1</name>
        <source>leveldot_1</source>
        <destination>leveldot_2</destination>
        <positions />
      </edge>
      <edge>
        <name>egde_2</name>
        <source>leveldot_2</source>
        <destination>leveldot_3</destination>
        <positions>
          <position>
            <x>269</x>
            <y>393</y>
            <z>0</z>
          </position>
        </positions>
      </edge>
      <edge>
        <name>egde_3</name>
        <source>leveldot_3</source>
        <destination>leveldot_4</destination>
        <positions />
      </edge>
      <edge>
        <name>egde_4</name>
        <source>leveldot_4</source>
        <destination>leveldot_5</destination>
        <positions />
      </edge>
      <edge>
        <name>egde_5</name>
        <source>leveldot_5</source>
        <destination>leveldot_6</destination>
        <positions />
      </edge>
      <edge>
        <name>egde_6</name>
        <source>leveldot_6</source>
        <destination>leveldot_7</destination>
        <positions>
          <position>
            <x>637</x>
            <y>228</y>
            <z>0</z>
          </position>
        </positions>
      </edge>
      <edge>
        <name>egde_7</name>
        <source>leveldot_7</source>
        <destination>leveldot_8</destination>
        <positions />
      </edge>
      <edge>
        <name>egde_8</name>
        <source>leveldot_7</source>
        <destination>leveldot_8</destination>
        <positions />
      </edge>
      <edge>
        <name>egde_9</name>
        <source>leveldot_8</source>
        <destination>leveldot_9</destination>
        <positions>
          <position>
            <x>761</x>
            <y>229</y>
            <z>0</z>
          </position>
          <position>
            <x>784</x>
            <y>256</y>
            <z>0</z>
          </position>
          <position>
            <x>818</x>
            <y>285</y>
            <z>0</z>
          </position>
        </positions>
      </edge>
      <edge>
        <name>egde_10</name>
        <source>leveldot_9</source>
        <destination>leveldot_10</destination>
        <positions />
      </edge>
      <edge>
        <name>egde_11</name>
        <source>leveldot_10</source>
        <destination>leveldot_11</destination>
        <positions>
          <position>
            <x>678</x>
            <y>347</y>
            <z>5000</z>
          </position>
        </positions>
      </edge>
      <edge>
        <name>egde_12</name>
        <source>leveldot_11</source>
        <destination>leveldot_12</destination>
        <positions />
      </edge>
      <edge>
        <name>egde_13</name>
        <source>leveldot_12</source>
        <destination>leveldot_13</destination>
        <positions>
          <position>
            <x>444</x>
            <y>379</y>
            <z>5000</z>
          </position>
          <position>
            <x>389</x>
            <y>403</y>
            <z>5000</z>
          </position>
        </positions>
      </edge>
      <edge>
        <name>egde_22</name>
        <source>leveldot_13</source>
        <destination>leveldot_14</destination>
        <positions />
      </edge>
      <edge>
        <name>egde_14</name>
        <source>leveldot_14</source>
        <destination>leveldot_15</destination>
        <positions>
          <position>
            <x>503</x>
            <y>470</y>
            <z>5000</z>
          </position>
          <position>
            <x>568</x>
            <y>471</y>
            <z>250</z>
          </position>
        </positions>
      </edge>
      <edge>
        <name>egde_15</name>
        <source>leveldot_15</source>
        <destination>leveldot_16</destination>
        <positions />
      </edge>
      <edge>
        <name>egde_16</name>
        <source>leveldot_16</source>
        <destination>leveldot_17</destination>
        <positions />
      </edge>
      <edge>
        <name>egde_17</name>
        <source>leveldot_17</source>
        <destination>leveldot_18</destination>
        <positions>
          <position>
            <x>905</x>
            <y>417</y>
            <z>250</z>
          </position>
        </positions>
      </edge>
      <edge>
        <name>egde_18</name>
        <source>leveldot_18</source>
        <destination>leveldot_19</destination>
        <positions />
      </edge>
      <edge>
        <name>egde_19</name>
        <source>leveldot_15</source>
        <destination>leveldot_20</destination>
        <positions>
          <position>
            <x>678</x>
            <y>449</y>
            <z>150</z>
          </position>
        </positions>
      </edge>
      <edge>
        <name>egde_20</name>
        <source>leveldot_20</source>
        <destination>leveldot_21</destination>
        <positions>
          <position>
            <x>787</x>
            <y>384</y>
            <z>0</z>
          </position>
        </positions>
      </edge>
      <edge>
        <name>egde_21</name>
        <source>leveldot_21</source>
        <destination>leveldot_18</destination>
        <positions />
      </edge>
    </edges>
  </graph>
  <objects>
    <surface>
      <name>background_1</name>
      <surface>
        <image>worldmaps/tutorial/layer0</image>
        <modifer />
      </surface>
      <position>
        <x>0</x>
        <y>0</y>
        <z>-100</z>
      </position>
    </surface>
    <surface>
      <name>background_1</name>
      <surface>
        <image>worldmaps/tutorial/layer3</image>
        <modifer />
      </surface>
      <position>
        <x>701</x>
        <y>405</y>
        <z>100</z>
      </position>
    </surface>
    <surface>
      <name>mountain_1</name>
      <surface>
        <image>worldmaps/tutorial/layer1</image>
        <modifer />
      </surface>
      <position>
        <x>208</x>
        <y>309</y>
        <z>-50</z>
      </position>
      <auto-uncover>1</auto-uncover>
    </surface>
    <surface>
      <name>mountain_2</name>
      <surface>
        <image>worldmaps/tutorial/layer2</image>
        <modifer />
      </surface>
      <position>
        <x>788</x>
        <y>343</y>
        <z>100</z>
      </position>
      <auto-uncover>0</auto-uncover>
    </surface>
  </objects>
</pingus-worldmap>
