<pingus-world>
  <world-name lang="en">Levels (Hard)</world-name>
  <description lang="en">When we have enough, these levels will be catagorised into worlds. More levels are very welcome.</description>

  <background>
    <surface>
      <resource type="datafile">
	<resource-datafile>textures</resource-datafile>
	<resource-ident>Textures/rooftile</resource-ident>
      </resource>
    </surface>
  </background>
  
  <level-list>
    <level>longway.xml</level>
    <level>rinse.xml</level>
    <level>Lev4.xml</level>
    <level>wland.xml</level>
    <level>particle.xml</level>
    <level>Stair.xml</level>
    <level>cages.xml</level>
    <level>partic2.xml</level>
    <level>jewel.xml</level>
    <level>bombing.xml</level>
  </level-list>
  
</pingus-world>
