<pingus-world>
  <world-name>All Standard</world-name>
  <description>-</description>

  <background>
    <surface>
      <resource type="datafile">
	<resource-datafile>textures</resource-datafile>
	<resource-ident>Textures/happyclouds</resource-ident>
      </resource>
    </surface>
  </background>

  <level-list>
    <level>level1.xml</level>
    <level>level2.xml</level>
    <level>level3.xml</level>
    <level>level5.xml</level>
    <level>level7.xml</level>
    <level>level8.xml</level>
    <level>level9.xml</level>
    <level>level10.xml</level>
    <level>level11.xml</level>
  </level-list>
</pingus-world>
