<pingus-world>
  <world-name>Xmas</world-name>
  <description>-</description>
  
  <background>
    <surface>
      <resource type="datafile">
	<resource-datafile>textures</resource-datafile>
	<resource-ident>Textures/blueflame</resource-ident>
      </resource>
    </surface>
  </background>

  <level-list>
    <level>snow1.xml</level>
    <level>snow2.xml</level>
    <level>snow3.xml</level>
    <level>snow4.xml</level>
    <level>snow5.xml</level>
    <level>snow6.xml</level>
  </level-list>
</pingus-world>

