<?xml version="1.0"  encoding="ISO-8859-1"?>

<pingus-level>
  <global>
    <levelname lang="en">Sacrify a few and save the rest</levelname>
    <levelname lang="de">Opfere einige und rette den Rest</levelname>

    <description lang="en">Sometimes if no other actions are available, you have to bomb your
way through the ground. The Pingus can to this by actually self
destructing themself, this will kill them, but it is sometimes
necessary to sacrifice a few, to save the rest.</description>
    <description lang="de">Manchmal, wenn kein anderer Weg existiert, musst Du dir deinen Weg
durch den Boden sprengen. Ein Pingu kann dies tun in dem er
sich selbst sprengt. Dies wird ihn t�ten, aber es ist von
Zeit zu Zeit notwendig einige zu opfern um den Rest zu retten.</description>

    <author>Ingo Ruhnke &lt;grumbel@gmx.de&gt;</author>
    <number-of-pingus>30</number-of-pingus>
    <number-to-save>10</number-to-save>
    <time>-1</time>
    <width>1200</width>
    <height>1000</height>
    <difficulty>40</difficulty>
    <playable>1</playable>
    <comment></comment>
    <music>pingus-5.it</music>
  </global>

  <action-list>
    <bomber count="20"/>
  </action-list>

<background type="surface">
  <surface><resource type="datafile">
    <resource-datafile>textures</resource-datafile>
  <resource-ident>textures/happyclouds</resource-ident>
    <modifier>ROT0</modifier>
  </resource></surface>
  <color>
    <red>0.5</red>
    <green>0</green>
    <blue>0</blue>
    <alpha>0.2</alpha>
  </color>
  <scroll-x>0.4</scroll-x>
  <scroll-y>0</scroll-y>
  <para-x>0.5</para-x>
  <para-y>0.5</para-y>
  <stretch-x>0</stretch-x>
  <stretch-y>1</stretch-y>
  <keep-aspect>1</keep-aspect>
  <position>
    <x-pos>134.5</x-pos>
    <y-pos>97</y-pos>
    <z-pos>-150</z-pos>
  </position>
</background>

<hotspot>
  <surface><resource type="datafile">
    <resource-datafile>entrances</resource-datafile>
  <resource-ident>entrances/snow_back</resource-ident>
    <modifier>ROT0</modifier>
  </resource></surface>
  <position>
    <x-pos>436</x-pos>
    <y-pos>86</y-pos>
    <z-pos>-50</z-pos>
  </position>
  <speed>-1</speed>
  <parallax>1</parallax>
</hotspot>

<worldobj type="groundpiece">
  <type>ground</type>
  <surface><resource type="datafile">
    <resource-datafile>groundpieces-ground</resource-datafile>
  <resource-ident>snow/way</resource-ident>
    <modifier>ROT270</modifier>
  </resource></surface>
  <position>
    <x-pos>474</x-pos>
    <y-pos>263</y-pos>
    <z-pos>0</z-pos>
  </position>
</worldobj>

<worldobj type="groundpiece">
  <type>ground</type>
  <surface><resource type="datafile">
    <resource-datafile>groundpieces-ground</resource-datafile>
  <resource-ident>snow/block1</resource-ident>
    <modifier>ROT0</modifier>
  </resource></surface>
  <position>
    <x-pos>415</x-pos>
    <y-pos>330</y-pos>
    <z-pos>0</z-pos>
  </position>
</worldobj>

<worldobj type="groundpiece">
  <type>ground</type>
  <surface><resource type="datafile">
    <resource-datafile>groundpieces-ground</resource-datafile>
  <resource-ident>snow/block2</resource-ident>
    <modifier>ROT0</modifier>
  </resource></surface>
  <position>
    <x-pos>479</x-pos>
    <y-pos>330</y-pos>
    <z-pos>0</z-pos>
  </position>
</worldobj>

<worldobj type="groundpiece">
  <type>ground</type>
  <surface><resource type="datafile">
    <resource-datafile>groundpieces-ground</resource-datafile>
  <resource-ident>snow/way</resource-ident>
    <modifier>ROT0</modifier>
  </resource></surface>
  <position>
    <x-pos>542</x-pos>
    <y-pos>330</y-pos>
    <z-pos>0</z-pos>
  </position>
</worldobj>

<worldobj type="groundpiece">
  <type>ground</type>
  <surface><resource type="datafile">
    <resource-datafile>groundpieces-ground</resource-datafile>
  <resource-ident>snow/block1</resource-ident>
    <modifier>ROT0</modifier>
  </resource></surface>
  <position>
    <x-pos>641</x-pos>
    <y-pos>330</y-pos>
    <z-pos>0</z-pos>
  </position>
</worldobj>

<worldobj type="groundpiece">
  <type>ground</type>
  <surface><resource type="datafile">
    <resource-datafile>groundpieces-ground</resource-datafile>
  <resource-ident>snow/block2</resource-ident>
    <modifier>ROT0</modifier>
  </resource></surface>
  <position>
    <x-pos>705</x-pos>
    <y-pos>330</y-pos>
    <z-pos>0</z-pos>
  </position>
</worldobj>

<entrance>
  <position>
    <x-pos>482.5</x-pos>
    <y-pos>127</y-pos>
    <z-pos>0</z-pos>
  </position>
  <type>generic</type>
  <direction>left</direction>
  <release-rate>100</release-rate>
  <owner-id>0</owner-id>
</entrance>

<worldobj type="groundpiece">
  <type>ground</type>
  <surface><resource type="datafile">
    <resource-datafile>groundpieces-ground</resource-datafile>
  <resource-ident>snow/way</resource-ident>
    <modifier>ROT270</modifier>
  </resource></surface>
  <position>
    <x-pos>410</x-pos>
    <y-pos>255</y-pos>
    <z-pos>0</z-pos>
  </position>
</worldobj>

<worldobj type="groundpiece">
  <type>ground</type>
  <surface><resource type="datafile">
    <resource-datafile>groundpieces-ground</resource-datafile>
  <resource-ident>snow/block1</resource-ident>
    <modifier>ROT0</modifier>
  </resource></surface>
  <position>
    <x-pos>345</x-pos>
    <y-pos>424</y-pos>
    <z-pos>0</z-pos>
  </position>
</worldobj>

<worldobj type="groundpiece">
  <type>ground</type>
  <surface><resource type="datafile">
    <resource-datafile>groundpieces-ground</resource-datafile>
  <resource-ident>snow/block2</resource-ident>
    <modifier>ROT0</modifier>
  </resource></surface>
  <position>
    <x-pos>409</x-pos>
    <y-pos>424</y-pos>
    <z-pos>0</z-pos>
  </position>
</worldobj>

<worldobj type="groundpiece">
  <type>ground</type>
  <surface><resource type="datafile">
    <resource-datafile>groundpieces-ground</resource-datafile>
  <resource-ident>snow/way</resource-ident>
    <modifier>ROT0</modifier>
  </resource></surface>
  <position>
    <x-pos>472</x-pos>
    <y-pos>450</y-pos>
    <z-pos>0</z-pos>
  </position>
</worldobj>

<worldobj type="groundpiece">
  <type>ground</type>
  <surface><resource type="datafile">
    <resource-datafile>groundpieces-ground</resource-datafile>
  <resource-ident>snow/block1</resource-ident>
    <modifier>ROT0</modifier>
  </resource></surface>
  <position>
    <x-pos>671</x-pos>
    <y-pos>424</y-pos>
    <z-pos>0</z-pos>
  </position>
</worldobj>

<worldobj type="groundpiece">
  <type>ground</type>
  <surface><resource type="datafile">
    <resource-datafile>groundpieces-ground</resource-datafile>
  <resource-ident>snow/block2</resource-ident>
    <modifier>ROT0</modifier>
  </resource></surface>
  <position>
    <x-pos>735</x-pos>
    <y-pos>424</y-pos>
    <z-pos>0</z-pos>
  </position>
</worldobj>

<worldobj type="groundpiece">
  <type>ground</type>
  <surface><resource type="datafile">
    <resource-datafile>groundpieces-ground</resource-datafile>
  <resource-ident>snow/way</resource-ident>
    <modifier>ROT0</modifier>
  </resource></surface>
  <position>
    <x-pos>571</x-pos>
    <y-pos>450</y-pos>
    <z-pos>0</z-pos>
  </position>
</worldobj>

<worldobj type="groundpiece">
  <type>ground</type>
  <surface><resource type="datafile">
    <resource-datafile>groundpieces-ground</resource-datafile>
  <resource-ident>snow/block2</resource-ident>
    <modifier>ROT0</modifier>
  </resource></surface>
  <position>
    <x-pos>706</x-pos>
    <y-pos>267</y-pos>
    <z-pos>0</z-pos>
  </position>
</worldobj>

<worldobj type="groundpiece">
  <type>ground</type>
  <surface><resource type="datafile">
    <resource-datafile>groundpieces-ground</resource-datafile>
  <resource-ident>snow/block1</resource-ident>
    <modifier>ROT0</modifier>
  </resource></surface>
  <position>
    <x-pos>351</x-pos>
    <y-pos>331</y-pos>
    <z-pos>0</z-pos>
  </position>
</worldobj>

<worldobj type="groundpiece">
  <type>ground</type>
  <surface><resource type="datafile">
    <resource-datafile>groundpieces-ground</resource-datafile>
  <resource-ident>snow/block1</resource-ident>
    <modifier>ROT0</modifier>
  </resource></surface>
  <position>
    <x-pos>236</x-pos>
    <y-pos>522</y-pos>
    <z-pos>0</z-pos>
  </position>
</worldobj>

<worldobj type="groundpiece">
  <type>ground</type>
  <surface><resource type="datafile">
    <resource-datafile>groundpieces-ground</resource-datafile>
  <resource-ident>snow/block2</resource-ident>
    <modifier>ROT0</modifier>
  </resource></surface>
  <position>
    <x-pos>300</x-pos>
    <y-pos>522</y-pos>
    <z-pos>0</z-pos>
  </position>
</worldobj>

<worldobj type="groundpiece">
  <type>ground</type>
  <surface><resource type="datafile">
    <resource-datafile>groundpieces-ground</resource-datafile>
  <resource-ident>snow/way</resource-ident>
    <modifier>ROT0</modifier>
  </resource></surface>
  <position>
    <x-pos>363</x-pos>
    <y-pos>548</y-pos>
    <z-pos>0</z-pos>
  </position>
</worldobj>

<worldobj type="groundpiece">
  <type>ground</type>
  <surface><resource type="datafile">
    <resource-datafile>groundpieces-ground</resource-datafile>
  <resource-ident>snow/block1</resource-ident>
    <modifier>ROT0</modifier>
  </resource></surface>
  <position>
    <x-pos>561</x-pos>
    <y-pos>523</y-pos>
    <z-pos>0</z-pos>
  </position>
</worldobj>

<worldobj type="groundpiece">
  <type>ground</type>
  <surface><resource type="datafile">
    <resource-datafile>groundpieces-ground</resource-datafile>
  <resource-ident>snow/block2</resource-ident>
    <modifier>ROT0</modifier>
  </resource></surface>
  <position>
    <x-pos>625</x-pos>
    <y-pos>523</y-pos>
    <z-pos>0</z-pos>
  </position>
</worldobj>

<worldobj type="groundpiece">
  <type>ground</type>
  <surface><resource type="datafile">
    <resource-datafile>groundpieces-ground</resource-datafile>
  <resource-ident>snow/way</resource-ident>
    <modifier>ROT0</modifier>
  </resource></surface>
  <position>
    <x-pos>462</x-pos>
    <y-pos>548</y-pos>
    <z-pos>0</z-pos>
  </position>
</worldobj>

<worldobj type="groundpiece">
  <type>ground</type>
  <surface><resource type="datafile">
    <resource-datafile>groundpieces-ground</resource-datafile>
  <resource-ident>snow/block1</resource-ident>
    <modifier>ROT0</modifier>
  </resource></surface>
  <position>
    <x-pos>356</x-pos>
    <y-pos>630</y-pos>
    <z-pos>0</z-pos>
  </position>
</worldobj>

<worldobj type="groundpiece">
  <type>ground</type>
  <surface><resource type="datafile">
    <resource-datafile>groundpieces-ground</resource-datafile>
  <resource-ident>snow/block2</resource-ident>
    <modifier>ROT0</modifier>
  </resource></surface>
  <position>
    <x-pos>420</x-pos>
    <y-pos>630</y-pos>
    <z-pos>0</z-pos>
  </position>
</worldobj>

<worldobj type="groundpiece">
  <type>ground</type>
  <surface><resource type="datafile">
    <resource-datafile>groundpieces-ground</resource-datafile>
  <resource-ident>snow/way</resource-ident>
    <modifier>ROT0</modifier>
  </resource></surface>
  <position>
    <x-pos>483</x-pos>
    <y-pos>656</y-pos>
    <z-pos>0</z-pos>
  </position>
</worldobj>

<worldobj type="groundpiece">
  <type>ground</type>
  <surface><resource type="datafile">
    <resource-datafile>groundpieces-ground</resource-datafile>
  <resource-ident>snow/block1</resource-ident>
    <modifier>ROT0</modifier>
  </resource></surface>
  <position>
    <x-pos>754</x-pos>
    <y-pos>629</y-pos>
    <z-pos>0</z-pos>
  </position>
</worldobj>

<worldobj type="groundpiece">
  <type>ground</type>
  <surface><resource type="datafile">
    <resource-datafile>groundpieces-ground</resource-datafile>
  <resource-ident>snow/block2</resource-ident>
    <modifier>ROT0</modifier>
  </resource></surface>
  <position>
    <x-pos>818</x-pos>
    <y-pos>629</y-pos>
    <z-pos>0</z-pos>
  </position>
</worldobj>

<worldobj type="groundpiece">
  <type>ground</type>
  <surface><resource type="datafile">
    <resource-datafile>groundpieces-ground</resource-datafile>
  <resource-ident>snow/way</resource-ident>
    <modifier>ROT0</modifier>
  </resource></surface>
  <position>
    <x-pos>582</x-pos>
    <y-pos>656</y-pos>
    <z-pos>0</z-pos>
  </position>
</worldobj>

<worldobj type="groundpiece">
  <type>ground</type>
  <surface><resource type="datafile">
    <resource-datafile>groundpieces-ground</resource-datafile>
  <resource-ident>snow/block1</resource-ident>
    <modifier>ROT0</modifier>
  </resource></surface>
  <position>
    <x-pos>468</x-pos>
    <y-pos>804</y-pos>
    <z-pos>0</z-pos>
  </position>
</worldobj>

<worldobj type="groundpiece">
  <type>ground</type>
  <surface><resource type="datafile">
    <resource-datafile>groundpieces-ground</resource-datafile>
  <resource-ident>snow/block2</resource-ident>
    <modifier>ROT0</modifier>
  </resource></surface>
  <position>
    <x-pos>532</x-pos>
    <y-pos>804</y-pos>
    <z-pos>0</z-pos>
  </position>
</worldobj>

<worldobj type="groundpiece">
  <type>ground</type>
  <surface><resource type="datafile">
    <resource-datafile>groundpieces-ground</resource-datafile>
  <resource-ident>snow/block1</resource-ident>
    <modifier>ROT0</modifier>
  </resource></surface>
  <position>
    <x-pos>794</x-pos>
    <y-pos>805</y-pos>
    <z-pos>0</z-pos>
  </position>
</worldobj>

<worldobj type="groundpiece">
  <type>ground</type>
  <surface><resource type="datafile">
    <resource-datafile>groundpieces-ground</resource-datafile>
  <resource-ident>snow/block2</resource-ident>
    <modifier>ROT0</modifier>
  </resource></surface>
  <position>
    <x-pos>858</x-pos>
    <y-pos>805</y-pos>
    <z-pos>0</z-pos>
  </position>
</worldobj>

<worldobj type="groundpiece">
  <type>ground</type>
  <surface><resource type="datafile">
    <resource-datafile>groundpieces-ground</resource-datafile>
  <resource-ident>snow/block2</resource-ident>
    <modifier>ROT0</modifier>
  </resource></surface>
  <position>
    <x-pos>922</x-pos>
    <y-pos>805</y-pos>
    <z-pos>0</z-pos>
  </position>
</worldobj>

<worldobj type="groundpiece">
  <type>ground</type>
  <surface><resource type="datafile">
    <resource-datafile>groundpieces-ground</resource-datafile>
  <resource-ident>snow/block1</resource-ident>
    <modifier>ROT0</modifier>
  </resource></surface>
  <position>
    <x-pos>405</x-pos>
    <y-pos>804</y-pos>
    <z-pos>0</z-pos>
  </position>
</worldobj>

<worldobj type="groundpiece">
  <type>ground</type>
  <surface><resource type="datafile">
    <resource-datafile>groundpieces-ground</resource-datafile>
  <resource-ident>snow/block2</resource-ident>
    <modifier>ROT0</modifier>
  </resource></surface>
  <position>
    <x-pos>405</x-pos>
    <y-pos>741</y-pos>
    <z-pos>0</z-pos>
  </position>
</worldobj>

<worldobj type="groundpiece">
  <type>ground</type>
  <surface><resource type="datafile">
    <resource-datafile>groundpieces-ground</resource-datafile>
  <resource-ident>snow/block2</resource-ident>
    <modifier>ROT0</modifier>
  </resource></surface>
  <position>
    <x-pos>922</x-pos>
    <y-pos>742</y-pos>
    <z-pos>0</z-pos>
  </position>
</worldobj>

<exit use-old-pos-handling="0">
  <position>
    <x-pos>748.12</x-pos>
    <y-pos>832.806</y-pos>
    <z-pos>0</z-pos>
  </position>
  <surface><resource type="datafile">
    <resource-datafile>exits</resource-datafile>
  <resource-ident>exits/ice2</resource-ident>
    <modifier>ROT0</modifier>
  </resource></surface>
  <owner-id>0</owner-id></exit>

<worldobj type="groundpiece">
  <type>ground</type>
  <surface><resource type="datafile">
    <resource-datafile>groundpieces-ground</resource-datafile>
  <resource-ident>snow/block1</resource-ident>
    <modifier>ROT0</modifier>
  </resource></surface>
  <position>
    <x-pos>478</x-pos>
    <y-pos>225</y-pos>
    <z-pos>0</z-pos>
  </position>
</worldobj>

<worldobj type="groundpiece">
  <type>ground</type>
  <surface><resource type="datafile">
    <resource-datafile>groundpieces-ground</resource-datafile>
  <resource-ident>snow/block1</resource-ident>
    <modifier>ROT0</modifier>
  </resource></surface>
  <position>
    <x-pos>224</x-pos>
    <y-pos>331</y-pos>
    <z-pos>0</z-pos>
  </position>
</worldobj>

<worldobj type="groundpiece">
  <type>ground</type>
  <surface><resource type="datafile">
    <resource-datafile>groundpieces-ground</resource-datafile>
  <resource-ident>snow/block1</resource-ident>
    <modifier>ROT0</modifier>
  </resource></surface>
  <position>
    <x-pos>224</x-pos>
    <y-pos>268</y-pos>
    <z-pos>0</z-pos>
  </position>
</worldobj>

<worldobj type="groundpiece">
  <type>ground</type>
  <surface><resource type="datafile">
    <resource-datafile>groundpieces-ground</resource-datafile>
  <resource-ident>snow/block1</resource-ident>
    <modifier>ROT0</modifier>
  </resource></surface>
  <position>
    <x-pos>351</x-pos>
    <y-pos>224</y-pos>
    <z-pos>0</z-pos>
  </position>
</worldobj>

<worldobj type="groundpiece">
  <type>ground</type>
  <surface><resource type="datafile">
    <resource-datafile>groundpieces-ground</resource-datafile>
  <resource-ident>snow/block2</resource-ident>
    <modifier>ROT0</modifier>
  </resource></surface>
  <position>
    <x-pos>415</x-pos>
    <y-pos>224</y-pos>
    <z-pos>0</z-pos>
  </position>
</worldobj>

<worldobj type="groundpiece">
  <type>ground</type>
  <surface><resource type="datafile">
    <resource-datafile>groundpieces-ground</resource-datafile>
  <resource-ident>snow/block2</resource-ident>
    <modifier>ROT0</modifier>
  </resource></surface>
  <position>
    <x-pos>288</x-pos>
    <y-pos>331</y-pos>
    <z-pos>0</z-pos>
  </position>
</worldobj>

<worldobj type="groundpiece">
  <type>ground</type>
  <surface><resource type="datafile">
    <resource-datafile>groundpieces-ground</resource-datafile>
  <resource-ident>snow/ice2</resource-ident>
    <modifier>ROT0</modifier>
  </resource></surface>
  <position>
    <x-pos>348</x-pos>
    <y-pos>223</y-pos>
    <z-pos>0</z-pos>
  </position>
</worldobj>

<worldobj type="groundpiece">
  <type>ground</type>
  <surface><resource type="datafile">
    <resource-datafile>groundpieces-ground</resource-datafile>
  <resource-ident>snow/ice2</resource-ident>
    <modifier>ROT0</modifier>
  </resource></surface>
  <position>
    <x-pos>410</x-pos>
    <y-pos>223</y-pos>
    <z-pos>0</z-pos>
  </position>
</worldobj>

<worldobj type="groundpiece">
  <type>ground</type>
  <surface><resource type="datafile">
    <resource-datafile>groundpieces-ground</resource-datafile>
  <resource-ident>snow/ice2</resource-ident>
    <modifier>ROT0</modifier>
  </resource></surface>
  <position>
    <x-pos>472</x-pos>
    <y-pos>223</y-pos>
    <z-pos>0</z-pos>
  </position>
</worldobj>

<worldobj type="groundpiece">
  <type>ground</type>
  <surface><resource type="datafile">
    <resource-datafile>groundpieces-ground</resource-datafile>
  <resource-ident>snow/ice2</resource-ident>
    <modifier>ROT0</modifier>
  </resource></surface>
  <position>
    <x-pos>463</x-pos>
    <y-pos>802</y-pos>
    <z-pos>0</z-pos>
  </position>
</worldobj>

<worldobj type="groundpiece">
  <type>ground</type>
  <surface><resource type="datafile">
    <resource-datafile>groundpieces-ground</resource-datafile>
  <resource-ident>snow/ice2</resource-ident>
    <modifier>ROT0</modifier>
  </resource></surface>
  <position>
    <x-pos>525</x-pos>
    <y-pos>802</y-pos>
    <z-pos>0</z-pos>
  </position>
</worldobj>

<worldobj type="groundpiece">
  <type>ground</type>
  <surface><resource type="datafile">
    <resource-datafile>groundpieces-ground</resource-datafile>
  <resource-ident>snow/ice2</resource-ident>
    <modifier>ROT0</modifier>
  </resource></surface>
  <position>
    <x-pos>401</x-pos>
    <y-pos>738</y-pos>
    <z-pos>0</z-pos>
  </position>
</worldobj>

<worldobj type="groundpiece">
  <type>ground</type>
  <surface><resource type="datafile">
    <resource-datafile>groundpieces-ground</resource-datafile>
  <resource-ident>snow/ice2</resource-ident>
    <modifier>ROT0</modifier>
  </resource></surface>
  <position>
    <x-pos>353</x-pos>
    <y-pos>628</y-pos>
    <z-pos>0</z-pos>
  </position>
</worldobj>

<worldobj type="groundpiece">
  <type>ground</type>
  <surface><resource type="datafile">
    <resource-datafile>groundpieces-ground</resource-datafile>
  <resource-ident>snow/ice2</resource-ident>
    <modifier>ROT0</modifier>
  </resource></surface>
  <position>
    <x-pos>413</x-pos>
    <y-pos>628</y-pos>
    <z-pos>0</z-pos>
  </position>
</worldobj>

<worldobj type="groundpiece">
  <type>ground</type>
  <surface><resource type="datafile">
    <resource-datafile>groundpieces-ground</resource-datafile>
  <resource-ident>snow/ice2</resource-ident>
    <modifier>ROT0</modifier>
  </resource></surface>
  <position>
    <x-pos>751</x-pos>
    <y-pos>629</y-pos>
    <z-pos>0</z-pos>
  </position>
</worldobj>

<worldobj type="groundpiece">
  <type>ground</type>
  <surface><resource type="datafile">
    <resource-datafile>groundpieces-ground</resource-datafile>
  <resource-ident>snow/ice2</resource-ident>
    <modifier>ROT0</modifier>
  </resource></surface>
  <position>
    <x-pos>558</x-pos>
    <y-pos>520</y-pos>
    <z-pos>0</z-pos>
  </position>
</worldobj>

<worldobj type="groundpiece">
  <type>ground</type>
  <surface><resource type="datafile">
    <resource-datafile>groundpieces-ground</resource-datafile>
  <resource-ident>snow/ice2</resource-ident>
    <modifier>ROT0</modifier>
  </resource></surface>
  <position>
    <x-pos>620</x-pos>
    <y-pos>520</y-pos>
    <z-pos>0</z-pos>
  </position>
</worldobj>

<worldobj type="groundpiece">
  <type>ground</type>
  <surface><resource type="datafile">
    <resource-datafile>groundpieces-ground</resource-datafile>
  <resource-ident>snow/ice2</resource-ident>
    <modifier>ROT0</modifier>
  </resource></surface>
  <position>
    <x-pos>670</x-pos>
    <y-pos>424</y-pos>
    <z-pos>0</z-pos>
  </position>
</worldobj>

<worldobj type="groundpiece">
  <type>ground</type>
  <surface><resource type="datafile">
    <resource-datafile>groundpieces-ground</resource-datafile>
  <resource-ident>snow/ice2</resource-ident>
    <modifier>ROT0</modifier>
  </resource></surface>
  <position>
    <x-pos>732</x-pos>
    <y-pos>424</y-pos>
    <z-pos>0</z-pos>
  </position>
</worldobj>

<worldobj type="groundpiece">
  <type>ground</type>
  <surface><resource type="datafile">
    <resource-datafile>groundpieces-ground</resource-datafile>
  <resource-ident>snow/ice2</resource-ident>
    <modifier>ROT0</modifier>
  </resource></surface>
  <position>
    <x-pos>341</x-pos>
    <y-pos>422</y-pos>
    <z-pos>0</z-pos>
  </position>
</worldobj>

<worldobj type="groundpiece">
  <type>ground</type>
  <surface><resource type="datafile">
    <resource-datafile>groundpieces-ground</resource-datafile>
  <resource-ident>snow/ice2</resource-ident>
    <modifier>ROT0</modifier>
  </resource></surface>
  <position>
    <x-pos>403</x-pos>
    <y-pos>422</y-pos>
    <z-pos>0</z-pos>
  </position>
</worldobj>

<worldobj type="groundpiece">
  <type>ground</type>
  <surface><resource type="datafile">
    <resource-datafile>groundpieces-ground</resource-datafile>
  <resource-ident>snow/ice2</resource-ident>
    <modifier>ROT0</modifier>
  </resource></surface>
  <position>
    <x-pos>230</x-pos>
    <y-pos>520</y-pos>
    <z-pos>0</z-pos>
  </position>
</worldobj>

<worldobj type="groundpiece">
  <type>ground</type>
  <surface><resource type="datafile">
    <resource-datafile>groundpieces-ground</resource-datafile>
  <resource-ident>snow/ice2</resource-ident>
    <modifier>ROT0</modifier>
  </resource></surface>
  <position>
    <x-pos>292</x-pos>
    <y-pos>520</y-pos>
    <z-pos>0</z-pos>
  </position>
</worldobj>

<worldobj type="groundpiece">
  <type>ground</type>
  <surface><resource type="datafile">
    <resource-datafile>groundpieces-ground</resource-datafile>
  <resource-ident>snow/ice2</resource-ident>
    <modifier>ROT0</modifier>
  </resource></surface>
  <position>
    <x-pos>811</x-pos>
    <y-pos>628</y-pos>
    <z-pos>0</z-pos>
  </position>
</worldobj>

<worldobj type="groundpiece">
  <type>ground</type>
  <surface><resource type="datafile">
    <resource-datafile>groundpieces-ground</resource-datafile>
  <resource-ident>snow/ice2</resource-ident>
    <modifier>ROT0</modifier>
  </resource></surface>
  <position>
    <x-pos>851</x-pos>
    <y-pos>803</y-pos>
    <z-pos>0</z-pos>
  </position>
</worldobj>

<worldobj type="groundpiece">
  <type>ground</type>
  <surface><resource type="datafile">
    <resource-datafile>groundpieces-ground</resource-datafile>
  <resource-ident>snow/ice2</resource-ident>
    <modifier>ROT0</modifier>
  </resource></surface>
  <position>
    <x-pos>792</x-pos>
    <y-pos>804</y-pos>
    <z-pos>0</z-pos>
  </position>
</worldobj>

<worldobj type="groundpiece">
  <type>ground</type>
  <surface><resource type="datafile">
    <resource-datafile>groundpieces-ground</resource-datafile>
  <resource-ident>snow/ice2</resource-ident>
    <modifier>ROT0</modifier>
  </resource></surface>
  <position>
    <x-pos>917</x-pos>
    <y-pos>736</y-pos>
    <z-pos>0</z-pos>
  </position>
</worldobj>

<worldobj type="groundpiece">
  <type>ground</type>
  <surface><resource type="datafile">
    <resource-datafile>groundpieces-ground</resource-datafile>
  <resource-ident>snow/ice1</resource-ident>
    <modifier>ROT0</modifier>
  </resource></surface>
  <position>
    <x-pos>408</x-pos>
    <y-pos>799</y-pos>
    <z-pos>0</z-pos>
  </position>
</worldobj>

<worldobj type="groundpiece">
  <type>ground</type>
  <surface><resource type="datafile">
    <resource-datafile>groundpieces-ground</resource-datafile>
  <resource-ident>snow/ice1</resource-ident>
    <modifier>ROT0</modifier>
  </resource></surface>
  <position>
    <x-pos>390</x-pos>
    <y-pos>629</y-pos>
    <z-pos>0</z-pos>
  </position>
</worldobj>

<worldobj type="groundpiece">
  <type>ground</type>
  <surface><resource type="datafile">
    <resource-datafile>groundpieces-ground</resource-datafile>
  <resource-ident>snow/ice1</resource-ident>
    <modifier>ROT0</modifier>
  </resource></surface>
  <position>
    <x-pos>768</x-pos>
    <y-pos>629</y-pos>
    <z-pos>0</z-pos>
  </position>
</worldobj>

<worldobj type="groundpiece">
  <type>ground</type>
  <surface><resource type="datafile">
    <resource-datafile>groundpieces-ground</resource-datafile>
  <resource-ident>snow/ice1</resource-ident>
    <modifier>ROT0</modifier>
  </resource></surface>
  <position>
    <x-pos>623</x-pos>
    <y-pos>522</y-pos>
    <z-pos>0</z-pos>
  </position>
</worldobj>

<worldobj type="groundpiece">
  <type>ground</type>
  <surface><resource type="datafile">
    <resource-datafile>groundpieces-ground</resource-datafile>
  <resource-ident>snow/ice1</resource-ident>
    <modifier>ROT0</modifier>
  </resource></surface>
  <position>
    <x-pos>683</x-pos>
    <y-pos>424</y-pos>
    <z-pos>0</z-pos>
  </position>
</worldobj>

<worldobj type="groundpiece">
  <type>ground</type>
  <surface><resource type="datafile">
    <resource-datafile>groundpieces-ground</resource-datafile>
  <resource-ident>snow/ice1</resource-ident>
    <modifier>ROT0</modifier>
  </resource></surface>
  <position>
    <x-pos>364</x-pos>
    <y-pos>424</y-pos>
    <z-pos>0</z-pos>
  </position>
</worldobj>

<worldobj type="groundpiece">
  <type>ground</type>
  <surface><resource type="datafile">
    <resource-datafile>groundpieces-ground</resource-datafile>
  <resource-ident>snow/ice1</resource-ident>
    <modifier>ROT0</modifier>
  </resource></surface>
  <position>
    <x-pos>276</x-pos>
    <y-pos>521</y-pos>
    <z-pos>0</z-pos>
  </position>
</worldobj>

<worldobj type="groundpiece">
  <type>ground</type>
  <surface><resource type="datafile">
    <resource-datafile>groundpieces-ground</resource-datafile>
  <resource-ident>snow/ice1</resource-ident>
    <modifier>ROT0</modifier>
  </resource></surface>
  <position>
    <x-pos>226</x-pos>
    <y-pos>267</y-pos>
    <z-pos>0</z-pos>
  </position>
</worldobj>

<worldobj type="groundpiece">
  <type>ground</type>
  <surface><resource type="datafile">
    <resource-datafile>groundpieces-ground</resource-datafile>
  <resource-ident>snow/ice1</resource-ident>
    <modifier>ROT0</modifier>
  </resource></surface>
  <position>
    <x-pos>384</x-pos>
    <y-pos>329</y-pos>
    <z-pos>0</z-pos>
  </position>
</worldobj>

<worldobj type="groundpiece">
  <type>ground</type>
  <surface><resource type="datafile">
    <resource-datafile>groundpieces-ground</resource-datafile>
  <resource-ident>snow/ice2</resource-ident>
    <modifier>ROT0</modifier>
  </resource></surface>
  <position>
    <x-pos>287</x-pos>
    <y-pos>329</y-pos>
    <z-pos>0</z-pos>
  </position>
</worldobj>

<worldobj type="groundpiece">
  <type>ground</type>
  <surface><resource type="datafile">
    <resource-datafile>groundpieces-ground</resource-datafile>
  <resource-ident>snow/ice2</resource-ident>
    <modifier>ROT0</modifier>
  </resource></surface>
  <position>
    <x-pos>334</x-pos>
    <y-pos>329</y-pos>
    <z-pos>0</z-pos>
  </position>
</worldobj>

<worldobj type="groundpiece">
  <type>ground</type>
  <surface><resource type="datafile">
    <resource-datafile>groundpieces-ground</resource-datafile>
  <resource-ident>snow/ice2</resource-ident>
    <modifier>ROT0</modifier>
  </resource></surface>
  <position>
    <x-pos>426</x-pos>
    <y-pos>329</y-pos>
    <z-pos>0</z-pos>
  </position>
</worldobj>

<worldobj type="groundpiece">
  <type>ground</type>
  <surface><resource type="datafile">
    <resource-datafile>groundpieces-ground</resource-datafile>
  <resource-ident>snow/ice2</resource-ident>
    <modifier>ROT0</modifier>
  </resource></surface>
  <position>
    <x-pos>472</x-pos>
    <y-pos>328</y-pos>
    <z-pos>0</z-pos>
  </position>
</worldobj>

<worldobj type="groundpiece">
  <type>ground</type>
  <surface><resource type="datafile">
    <resource-datafile>groundpieces-ground</resource-datafile>
  <resource-ident>snow/ice2</resource-ident>
    <modifier>ROT0</modifier>
  </resource></surface>
  <position>
    <x-pos>639</x-pos>
    <y-pos>328</y-pos>
    <z-pos>0</z-pos>
  </position>
</worldobj>

<worldobj type="groundpiece">
  <type>ground</type>
  <surface><resource type="datafile">
    <resource-datafile>groundpieces-ground</resource-datafile>
  <resource-ident>snow/ice2</resource-ident>
    <modifier>ROT0</modifier>
  </resource></surface>
  <position>
    <x-pos>702</x-pos>
    <y-pos>267</y-pos>
    <z-pos>0</z-pos>
  </position>
</worldobj>

<worldobj type="groundpiece">
  <type>ground</type>
  <surface><resource type="datafile">
    <resource-datafile>groundpieces-ground</resource-datafile>
  <resource-ident>snow/way</resource-ident>
    <modifier>ROT0</modifier>
  </resource></surface>
  <position>
    <x-pos>655</x-pos>
    <y-pos>656</y-pos>
    <z-pos>0</z-pos>
  </position>
</worldobj>

<worldobj type="groundpiece">
  <type>ground</type>
  <surface><resource type="datafile">
    <resource-datafile>groundpieces-ground</resource-datafile>
  <resource-ident>snow/piece8</resource-ident>
    <modifier>ROT0</modifier>
  </resource></surface>
  <position>
    <x-pos>343</x-pos>
    <y-pos>904</y-pos>
    <z-pos>0</z-pos>
  </position>
</worldobj>

<worldobj type="groundpiece">
  <type>ground</type>
  <surface><resource type="datafile">
    <resource-datafile>groundpieces-ground</resource-datafile>
  <resource-ident>snow/piece7</resource-ident>
    <modifier>ROT0</modifier>
  </resource></surface>
  <position>
    <x-pos>977</x-pos>
    <y-pos>907</y-pos>
    <z-pos>0</z-pos>
  </position>
</worldobj>

<worldobj type="groundpiece">
  <type>ground</type>
  <surface><resource type="datafile">
    <resource-datafile>groundpieces-ground</resource-datafile>
  <resource-ident>snow/piece9</resource-ident>
    <modifier>ROT0</modifier>
  </resource></surface>
  <position>
    <x-pos>342</x-pos>
    <y-pos>847</y-pos>
    <z-pos>0</z-pos>
  </position>
</worldobj>

<worldobj type="groundpiece">
  <type>ground</type>
  <surface><resource type="datafile">
    <resource-datafile>groundpieces-ground</resource-datafile>
  <resource-ident>snow/piece10</resource-ident>
    <modifier>ROT0</modifier>
  </resource></surface>
  <position>
    <x-pos>382</x-pos>
    <y-pos>836</y-pos>
    <z-pos>0</z-pos>
  </position>
</worldobj>

<worldobj type="groundpiece">
  <type>ground</type>
  <surface><resource type="datafile">
    <resource-datafile>groundpieces-ground</resource-datafile>
  <resource-ident>snow/piece10</resource-ident>
    <modifier>ROT0</modifier>
  </resource></surface>
  <position>
    <x-pos>553</x-pos>
    <y-pos>837</y-pos>
    <z-pos>0</z-pos>
  </position>
</worldobj>

<worldobj type="groundpiece">
  <type>ground</type>
  <surface><resource type="datafile">
    <resource-datafile>groundpieces-ground</resource-datafile>
  <resource-ident>snow/piece10</resource-ident>
    <modifier>ROT0</modifier>
  </resource></surface>
  <position>
    <x-pos>744</x-pos>
    <y-pos>836</y-pos>
    <z-pos>0</z-pos>
  </position>
</worldobj>

<worldobj type="groundpiece">
  <type>ground</type>
  <surface><resource type="datafile">
    <resource-datafile>groundpieces-ground</resource-datafile>
  <resource-ident>snow/piece10</resource-ident>
    <modifier>ROT0</modifier>
  </resource></surface>
  <position>
    <x-pos>814</x-pos>
    <y-pos>836</y-pos>
    <z-pos>0</z-pos>
  </position>
</worldobj>

<worldobj type="groundpiece">
  <type>ground</type>
  <surface><resource type="datafile">
    <resource-datafile>groundpieces-ground</resource-datafile>
  <resource-ident>snow/piece10</resource-ident>
    <modifier>ROT0</modifier>
  </resource></surface>
  <position>
    <x-pos>399</x-pos>
    <y-pos>975</y-pos>
    <z-pos>0</z-pos>
  </position>
</worldobj>

<worldobj type="groundpiece">
  <type>ground</type>
  <surface><resource type="datafile">
    <resource-datafile>groundpieces-ground</resource-datafile>
  <resource-ident>snow/piece7</resource-ident>
    <modifier>ROT0</modifier>
  </resource></surface>
  <position>
    <x-pos>864</x-pos>
    <y-pos>859</y-pos>
    <z-pos>0</z-pos>
  </position>
</worldobj>

<worldobj type="groundpiece">
  <type>ground</type>
  <surface><resource type="datafile">
    <resource-datafile>groundpieces-ground</resource-datafile>
  <resource-ident>snow/piece9</resource-ident>
    <modifier>ROT0</modifier>
  </resource></surface>
  <position>
    <x-pos>540</x-pos>
    <y-pos>872</y-pos>
    <z-pos>0</z-pos>
  </position>
</worldobj>

<worldobj type="groundpiece">
  <type>ground</type>
  <surface><resource type="datafile">
    <resource-datafile>groundpieces-ground</resource-datafile>
  <resource-ident>snow/piece9</resource-ident>
    <modifier>ROT0</modifier>
  </resource></surface>
  <position>
    <x-pos>693</x-pos>
    <y-pos>861</y-pos>
    <z-pos>0</z-pos>
  </position>
</worldobj>

<worldobj type="groundpiece">
  <type>ground</type>
  <surface><resource type="datafile">
    <resource-datafile>groundpieces-ground</resource-datafile>
  <resource-ident>snow/piece7</resource-ident>
    <modifier>ROT0FLIP</modifier>
  </resource></surface>
  <position>
    <x-pos>976</x-pos>
    <y-pos>845</y-pos>
    <z-pos>0</z-pos>
  </position>
</worldobj>

<worldobj type="groundpiece">
  <type>ground</type>
  <surface><resource type="datafile">
    <resource-datafile>groundpieces-ground</resource-datafile>
  <resource-ident>snow/piece7</resource-ident>
    <modifier>ROT0</modifier>
  </resource></surface>
  <position>
    <x-pos>268</x-pos>
    <y-pos>849</y-pos>
    <z-pos>0</z-pos>
  </position>
</worldobj>

<worldobj type="groundpiece">
  <type>ground</type>
  <surface><resource type="datafile">
    <resource-datafile>groundpieces-ground</resource-datafile>
  <resource-ident>snow/piece7</resource-ident>
    <modifier>ROT0FLIP</modifier>
  </resource></surface>
  <position>
    <x-pos>274</x-pos>
    <y-pos>919</y-pos>
    <z-pos>0</z-pos>
  </position>
</worldobj>

<worldobj type="groundpiece">
  <type>ground</type>
  <surface><resource type="datafile">
    <resource-datafile>groundpieces-ground</resource-datafile>
  <resource-ident>snow/piece8</resource-ident>
    <modifier>ROT0</modifier>
  </resource></surface>
  <position>
    <x-pos>659</x-pos>
    <y-pos>924</y-pos>
    <z-pos>0</z-pos>
  </position>
</worldobj>

<worldobj type="groundpiece">
  <type>ground</type>
  <surface><resource type="datafile">
    <resource-datafile>groundpieces-ground</resource-datafile>
  <resource-ident>snow/ice2</resource-ident>
    <modifier>ROT0</modifier>
  </resource></surface>
  <position>
    <x-pos>398</x-pos>
    <y-pos>832</y-pos>
    <z-pos>0</z-pos>
  </position>
</worldobj>

<worldobj type="groundpiece">
  <type>ground</type>
  <surface><resource type="datafile">
    <resource-datafile>groundpieces-ground</resource-datafile>
  <resource-ident>snow/ice2</resource-ident>
    <modifier>ROT0</modifier>
  </resource></surface>
  <position>
    <x-pos>466</x-pos>
    <y-pos>833</y-pos>
    <z-pos>0</z-pos>
  </position>
</worldobj>

<worldobj type="groundpiece">
  <type>ground</type>
  <surface><resource type="datafile">
    <resource-datafile>groundpieces-ground</resource-datafile>
  <resource-ident>snow/ice2</resource-ident>
    <modifier>ROT0</modifier>
  </resource></surface>
  <position>
    <x-pos>523</x-pos>
    <y-pos>833</y-pos>
    <z-pos>0</z-pos>
  </position>
</worldobj>

<worldobj type="groundpiece">
  <type>ground</type>
  <surface><resource type="datafile">
    <resource-datafile>groundpieces-ground</resource-datafile>
  <resource-ident>snow/ice2</resource-ident>
    <modifier>ROT0</modifier>
  </resource></surface>
  <position>
    <x-pos>792</x-pos>
    <y-pos>831</y-pos>
    <z-pos>0</z-pos>
  </position>
</worldobj>

<worldobj type="groundpiece">
  <type>ground</type>
  <surface><resource type="datafile">
    <resource-datafile>groundpieces-ground</resource-datafile>
  <resource-ident>snow/ice2</resource-ident>
    <modifier>ROT0</modifier>
  </resource></surface>
  <position>
    <x-pos>899</x-pos>
    <y-pos>832</y-pos>
    <z-pos>0</z-pos>
  </position>
</worldobj>

<worldobj type="groundpiece">
  <type>ground</type>
  <surface><resource type="datafile">
    <resource-datafile>groundpieces-ground</resource-datafile>
  <resource-ident>snow/ice2</resource-ident>
    <modifier>ROT0</modifier>
  </resource></surface>
  <position>
    <x-pos>962</x-pos>
    <y-pos>832</y-pos>
    <z-pos>0</z-pos>
  </position>
</worldobj>

<worldobj type="groundpiece">
  <type>ground</type>
  <surface><resource type="datafile">
    <resource-datafile>groundpieces-ground</resource-datafile>
  <resource-ident>snow/ice1</resource-ident>
    <modifier>ROT0</modifier>
  </resource></surface>
  <position>
    <x-pos>859</x-pos>
    <y-pos>832</y-pos>
    <z-pos>0</z-pos>
  </position>
</worldobj>

<worldobj type="groundpiece">
  <type>solid</type>
  <surface><resource type="datafile">
    <resource-datafile>groundpieces-solid</resource-datafile>
  <resource-ident>misc/metalplate_horiz</resource-ident>
    <modifier>ROT0</modifier>
  </resource></surface>
  <position>
    <x-pos>659</x-pos>
    <y-pos>831</y-pos>
    <z-pos>0</z-pos>
  </position>
</worldobj>

<worldobj type="groundpiece">
  <type>solid</type>
  <surface><resource type="datafile">
    <resource-datafile>groundpieces-solid</resource-datafile>
  <resource-ident>misc/metalplate_horiz</resource-ident>
    <modifier>ROT0</modifier>
  </resource></surface>
  <position>
    <x-pos>731</x-pos>
    <y-pos>831</y-pos>
    <z-pos>0</z-pos>
  </position>
</worldobj>

<worldobj type="groundpiece">
  <type>solid</type>
  <surface><resource type="datafile">
    <resource-datafile>groundpieces-solid</resource-datafile>
  <resource-ident>misc/metalplate_horiz</resource-ident>
    <modifier>ROT0</modifier>
  </resource></surface>
  <position>
    <x-pos>596</x-pos>
    <y-pos>831</y-pos>
    <z-pos>0</z-pos>
  </position>
</worldobj>

<worldobj type="groundpiece">
  <type>solid</type>
  <surface><resource type="datafile">
    <resource-datafile>groundpieces-solid</resource-datafile>
  <resource-ident>misc/metalplate_small</resource-ident>
    <modifier>ROT0</modifier>
  </resource></surface>
  <position>
    <x-pos>706</x-pos>
    <y-pos>831</y-pos>
    <z-pos>0</z-pos>
  </position>
</worldobj>

<worldobj type="groundpiece">
  <type>solid</type>
  <surface><resource type="datafile">
    <resource-datafile>groundpieces-solid</resource-datafile>
  <resource-ident>misc/metalplate_small</resource-ident>
    <modifier>ROT0</modifier>
  </resource></surface>
  <position>
    <x-pos>638</x-pos>
    <y-pos>831</y-pos>
    <z-pos>0</z-pos>
  </position>
</worldobj>

<worldobj type="groundpiece">
  <type>solid</type>
  <surface><resource type="datafile">
    <resource-datafile>groundpieces-solid</resource-datafile>
  <resource-ident>misc/metalplate_small</resource-ident>
    <modifier>ROT0</modifier>
  </resource></surface>
  <position>
    <x-pos>571</x-pos>
    <y-pos>831</y-pos>
    <z-pos>0</z-pos>
  </position>
</worldobj>

<worldobj type="groundpiece">
  <type>solid</type>
  <surface><resource type="datafile">
    <resource-datafile>groundpieces-solid</resource-datafile>
  <resource-ident>misc/metalplate_small</resource-ident>
    <modifier>ROT0</modifier>
  </resource></surface>
  <position>
    <x-pos>784</x-pos>
    <y-pos>831</y-pos>
    <z-pos>0</z-pos>
  </position>
</worldobj>

<hotspot>
  <surface><resource type="datafile">
    <resource-datafile>entrances</resource-datafile>
  <resource-ident>entrances/snow_front</resource-ident>
    <modifier>ROT0</modifier>
  </resource></surface>
  <position>
    <x-pos>436.892</x-pos>
    <y-pos>86.1458</y-pos>
    <z-pos>100</z-pos>
  </position>
  <speed>-1</speed>
  <parallax>1</parallax>
</hotspot>

  <start-position>
  <position>
    <x-pos>593</x-pos>
    <y-pos>248</y-pos>
    <z-pos>1000</z-pos>
  </position>
  </start-position>

</pingus-level>

