<?xml version="1.0"  encoding="ISO-8859-1"?>

<pingus-level>
  <global>
    <levelname lang="en">Learning to dig</levelname>
    <levelname lang="de">Lernen zu graben</levelname>

    <description lang="en">This is your first mission. As always, its pretty easy. All you
have to do is to give a Pingu the command to dig a hole into the
ground so that they can reach the exit. This can be acomplished by
simply clicking on a Pingu.</description>
    <description lang="de">Dies ist Deine erste Mission. Wie immer, ist sie ziemlich 
einfach. Alles was Du tun musst, ist einem Pingu den Befehl zum graben
eines Lochs in den Boden zu erteilen, damit sie den Ausgang erreichen
k�nnen. Dies kann einfach dadurch erreicht werden, auf einen Pingu zu
klicken.</description>

    <author>Ingo Ruhnke &lt;grumbel@gmx.de&gt;</author>
    <number-of-pingus>10</number-of-pingus>
    <number-to-save>5</number-to-save>
    <time>6000</time>
    <width>1400</width>
    <height>700</height>
    <difficulty>0</difficulty>
    <playable>1</playable>
    <comment>first level for the story mode, tutorial island</comment>
    <music>pingus-7.it</music>
  </global>

  <action-list>
    <digger count="10"/>
  </action-list>

<background type="surface">
  <surface><resource type="datafile">
    <resource-datafile>textures</resource-datafile>
  <resource-ident>textures/clouds2</resource-ident>
    <modifier>ROT0</modifier>
  </resource></surface>
  <color>
    <red>0.1</red>
    <green>0</green>
    <blue>0</blue>
    <alpha>0.3</alpha>
  </color>
  <scroll-x>-1</scroll-x>
  <scroll-y>0</scroll-y>
  <para-x>0.5</para-x>
  <para-y>0.5</para-y>
  <stretch-x>0</stretch-x>
  <stretch-y>0</stretch-y>
  <keep-aspect>0</keep-aspect>
  <position>
    <x-pos>0</x-pos>
    <y-pos>0</y-pos>
    <z-pos>-150</z-pos>
  </position>
</background>

<liquid use-old-width-handling="0">
  <surface><resource type="datafile">
    <resource-datafile>liquids</resource-datafile>
  <resource-ident>Liquid/water2</resource-ident>
    <modifier>ROT0</modifier>
  </resource></surface>
  <position>
    <x-pos>-19.52</x-pos>
    <y-pos>629</y-pos>
    <z-pos>-50</z-pos>
  </position>
  <width>23</width>
  <speed>55</speed>
</liquid>

<hotspot>
  <surface><resource type="datafile">
    <resource-datafile>hotspots</resource-datafile>
  <resource-ident>signposts/digger</resource-ident>
    <modifier>ROT0</modifier>
  </resource></surface>
  <position>
    <x-pos>796.28</x-pos>
    <y-pos>302.92</y-pos>
    <z-pos>-50</z-pos>
  </position>
  <speed>-1</speed>
  <parallax>1</parallax>
</hotspot>

<hotspot>
  <surface><resource type="datafile">
    <resource-datafile>hotspots</resource-datafile>
  <resource-ident>signposts/arrow_south</resource-ident>
    <modifier>ROT0</modifier>
  </resource></surface>
  <position>
    <x-pos>760.28</x-pos>
    <y-pos>301.92</y-pos>
    <z-pos>-50</z-pos>
  </position>
  <speed>-1</speed>
  <parallax>1</parallax>
</hotspot>

<hotspot>
  <surface><resource type="datafile">
    <resource-datafile>entrances</resource-datafile>
  <resource-ident>entrances/snow_back</resource-ident>
    <modifier>ROT0</modifier>
  </resource></surface>
  <position>
    <x-pos>469.411</x-pos>
    <y-pos>170.769</y-pos>
    <z-pos>-50</z-pos>
  </position>
  <speed>-1</speed>
  <parallax>1</parallax>
</hotspot>

<worldobj type="groundpiece">
  <type>ground</type>
  <surface><resource type="datafile">
    <resource-datafile>groundpieces-ground</resource-datafile>
  <resource-ident>snow/piece7</resource-ident>
    <modifier>ROT0</modifier>
  </resource></surface>
  <position>
    <x-pos>305</x-pos>
    <y-pos>351</y-pos>
    <z-pos>0</z-pos>
  </position>
</worldobj>

<worldobj type="groundpiece">
  <type>ground</type>
  <surface><resource type="datafile">
    <resource-datafile>groundpieces-ground</resource-datafile>
  <resource-ident>snow/piece7</resource-ident>
    <modifier>ROT0</modifier>
  </resource></surface>
  <position>
    <x-pos>267</x-pos>
    <y-pos>379</y-pos>
    <z-pos>0</z-pos>
  </position>
</worldobj>

<worldobj type="groundpiece">
  <type>ground</type>
  <surface><resource type="datafile">
    <resource-datafile>groundpieces-ground</resource-datafile>
  <resource-ident>snow/piece9</resource-ident>
    <modifier>ROT0</modifier>
  </resource></surface>
  <position>
    <x-pos>653</x-pos>
    <y-pos>344</y-pos>
    <z-pos>0</z-pos>
  </position>
</worldobj>

<worldobj type="groundpiece">
  <type>ground</type>
  <surface><resource type="datafile">
    <resource-datafile>groundpieces-ground</resource-datafile>
  <resource-ident>snow/piece9</resource-ident>
    <modifier>ROT90</modifier>
  </resource></surface>
  <position>
    <x-pos>373</x-pos>
    <y-pos>362</y-pos>
    <z-pos>0</z-pos>
  </position>
</worldobj>

<worldobj type="groundpiece">
  <type>ground</type>
  <surface><resource type="datafile">
    <resource-datafile>groundpieces-ground</resource-datafile>
  <resource-ident>misc/stone7</resource-ident>
    <modifier>ROT0</modifier>
  </resource></surface>
  <position>
    <x-pos>332</x-pos>
    <y-pos>260</y-pos>
    <z-pos>0</z-pos>
  </position>
</worldobj>

<worldobj type="groundpiece">
  <type>ground</type>
  <surface><resource type="datafile">
    <resource-datafile>groundpieces-ground</resource-datafile>
  <resource-ident>snow/piece9</resource-ident>
    <modifier>ROT90FLIP</modifier>
  </resource></surface>
  <position>
    <x-pos>288</x-pos>
    <y-pos>317</y-pos>
    <z-pos>0</z-pos>
  </position>
</worldobj>

<worldobj type="groundpiece">
  <type>ground</type>
  <surface><resource type="datafile">
    <resource-datafile>groundpieces-ground</resource-datafile>
  <resource-ident>misc/stone7</resource-ident>
    <modifier>ROT0</modifier>
  </resource></surface>
  <position>
    <x-pos>298</x-pos>
    <y-pos>297</y-pos>
    <z-pos>0</z-pos>
  </position>
</worldobj>

<worldobj type="groundpiece">
  <type>ground</type>
  <surface><resource type="datafile">
    <resource-datafile>groundpieces-ground</resource-datafile>
  <resource-ident>misc/stone7</resource-ident>
    <modifier>ROT0</modifier>
  </resource></surface>
  <position>
    <x-pos>366</x-pos>
    <y-pos>305</y-pos>
    <z-pos>0</z-pos>
  </position>
</worldobj>

<worldobj type="groundpiece">
  <type>ground</type>
  <surface><resource type="datafile">
    <resource-datafile>groundpieces-ground</resource-datafile>
  <resource-ident>misc/stone7</resource-ident>
    <modifier>ROT0</modifier>
  </resource></surface>
  <position>
    <x-pos>880</x-pos>
    <y-pos>260</y-pos>
    <z-pos>0</z-pos>
  </position>
</worldobj>

<worldobj type="groundpiece">
  <type>ground</type>
  <surface><resource type="datafile">
    <resource-datafile>groundpieces-ground</resource-datafile>
  <resource-ident>snow/piece9</resource-ident>
    <modifier>ROT0</modifier>
  </resource></surface>
  <position>
    <x-pos>318</x-pos>
    <y-pos>535</y-pos>
    <z-pos>0</z-pos>
  </position>
</worldobj>

<worldobj type="groundpiece">
  <type>ground</type>
  <surface><resource type="datafile">
    <resource-datafile>groundpieces-ground</resource-datafile>
  <resource-ident>snow/piece9</resource-ident>
    <modifier>ROT0</modifier>
  </resource></surface>
  <position>
    <x-pos>500</x-pos>
    <y-pos>534</y-pos>
    <z-pos>0</z-pos>
  </position>
</worldobj>

<worldobj type="groundpiece">
  <type>ground</type>
  <surface><resource type="datafile">
    <resource-datafile>groundpieces-ground</resource-datafile>
  <resource-ident>snow/piece7</resource-ident>
    <modifier>ROT0</modifier>
  </resource></surface>
  <position>
    <x-pos>217</x-pos>
    <y-pos>483</y-pos>
    <z-pos>0</z-pos>
  </position>
</worldobj>

<worldobj type="groundpiece">
  <type>ground</type>
  <surface><resource type="datafile">
    <resource-datafile>groundpieces-ground</resource-datafile>
  <resource-ident>snow/piece9</resource-ident>
    <modifier>ROT0</modifier>
  </resource></surface>
  <position>
    <x-pos>657</x-pos>
    <y-pos>535</y-pos>
    <z-pos>0</z-pos>
  </position>
</worldobj>

<worldobj type="groundpiece">
  <type>ground</type>
  <surface><resource type="datafile">
    <resource-datafile>groundpieces-ground</resource-datafile>
  <resource-ident>snow/piece7</resource-ident>
    <modifier>ROT0</modifier>
  </resource></surface>
  <position>
    <x-pos>844</x-pos>
    <y-pos>484</y-pos>
    <z-pos>0</z-pos>
  </position>
</worldobj>

<worldobj type="groundpiece">
  <type>ground</type>
  <surface><resource type="datafile">
    <resource-datafile>groundpieces-ground</resource-datafile>
  <resource-ident>snow/piece9</resource-ident>
    <modifier>ROT180</modifier>
  </resource></surface>
  <position>
    <x-pos>498</x-pos>
    <y-pos>344</y-pos>
    <z-pos>0</z-pos>
  </position>
</worldobj>

<worldobj type="groundpiece">
  <type>ground</type>
  <surface><resource type="datafile">
    <resource-datafile>groundpieces-ground</resource-datafile>
  <resource-ident>misc/stone7</resource-ident>
    <modifier>ROT0</modifier>
  </resource></surface>
  <position>
    <x-pos>914</x-pos>
    <y-pos>305</y-pos>
    <z-pos>0</z-pos>
  </position>
</worldobj>

<worldobj type="groundpiece">
  <type>ground</type>
  <surface><resource type="datafile">
    <resource-datafile>groundpieces-ground</resource-datafile>
  <resource-ident>misc/stone7</resource-ident>
    <modifier>ROT0</modifier>
  </resource></surface>
  <position>
    <x-pos>846</x-pos>
    <y-pos>297</y-pos>
    <z-pos>0</z-pos>
  </position>
</worldobj>

<worldobj type="groundpiece">
  <type>ground</type>
  <surface><resource type="datafile">
    <resource-datafile>groundpieces-ground</resource-datafile>
  <resource-ident>snow/piece7</resource-ident>
    <modifier>ROT0FLIP</modifier>
  </resource></surface>
  <position>
    <x-pos>286</x-pos>
    <y-pos>482</y-pos>
    <z-pos>0</z-pos>
  </position>
</worldobj>

<worldobj type="groundpiece">
  <type>ground</type>
  <surface><resource type="datafile">
    <resource-datafile>groundpieces-ground</resource-datafile>
  <resource-ident>snow/piece9</resource-ident>
    <modifier>ROT0</modifier>
  </resource></surface>
  <position>
    <x-pos>779</x-pos>
    <y-pos>343</y-pos>
    <z-pos>0</z-pos>
  </position>
</worldobj>

<worldobj type="groundpiece">
  <type>ground</type>
  <surface><resource type="datafile">
    <resource-datafile>groundpieces-ground</resource-datafile>
  <resource-ident>snow/piece7</resource-ident>
    <modifier>ROT0FLIP</modifier>
  </resource></surface>
  <position>
    <x-pos>883</x-pos>
    <y-pos>362</y-pos>
    <z-pos>0</z-pos>
  </position>
</worldobj>

<worldobj type="groundpiece">
  <type>ground</type>
  <surface><resource type="datafile">
    <resource-datafile>groundpieces-ground</resource-datafile>
  <resource-ident>snow/piece9</resource-ident>
    <modifier>ROT90FLIP</modifier>
  </resource></surface>
  <position>
    <x-pos>872</x-pos>
    <y-pos>342</y-pos>
    <z-pos>0</z-pos>
  </position>
</worldobj>

<worldobj type="groundpiece">
  <type>ground</type>
  <surface><resource type="datafile">
    <resource-datafile>groundpieces-ground</resource-datafile>
  <resource-ident>snow/piece9</resource-ident>
    <modifier>ROT0</modifier>
  </resource></surface>
  <position>
    <x-pos>337</x-pos>
    <y-pos>340</y-pos>
    <z-pos>0</z-pos>
  </position>
</worldobj>

<worldobj type="groundpiece">
  <type>ground</type>
  <surface><resource type="datafile">
    <resource-datafile>groundpieces-ground</resource-datafile>
  <resource-ident>snow/piece7</resource-ident>
    <modifier>ROT0FLIP</modifier>
  </resource></surface>
  <position>
    <x-pos>896</x-pos>
    <y-pos>437</y-pos>
    <z-pos>0</z-pos>
  </position>
</worldobj>

<worldobj type="groundpiece">
  <type>ground</type>
  <surface><resource type="datafile">
    <resource-datafile>groundpieces-ground</resource-datafile>
  <resource-ident>snow/piece3</resource-ident>
    <modifier>ROT0</modifier>
  </resource></surface>
  <position>
    <x-pos>441</x-pos>
    <y-pos>533</y-pos>
    <z-pos>0</z-pos>
  </position>
</worldobj>

<worldobj type="groundpiece">
  <type>ground</type>
  <surface><resource type="datafile">
    <resource-datafile>groundpieces-ground</resource-datafile>
  <resource-ident>snow/piece3</resource-ident>
    <modifier>ROT0</modifier>
  </resource></surface>
  <position>
    <x-pos>548</x-pos>
    <y-pos>533</y-pos>
    <z-pos>0</z-pos>
  </position>
</worldobj>

<worldobj type="groundpiece">
  <type>ground</type>
  <surface><resource type="datafile">
    <resource-datafile>groundpieces-ground</resource-datafile>
  <resource-ident>snow/piece3</resource-ident>
    <modifier>ROT0</modifier>
  </resource></surface>
  <position>
    <x-pos>713</x-pos>
    <y-pos>533</y-pos>
    <z-pos>0</z-pos>
  </position>
</worldobj>

<worldobj type="groundpiece">
  <type>ground</type>
  <surface><resource type="datafile">
    <resource-datafile>groundpieces-ground</resource-datafile>
  <resource-ident>snow/piece3</resource-ident>
    <modifier>ROT0</modifier>
  </resource></surface>
  <position>
    <x-pos>305</x-pos>
    <y-pos>339</y-pos>
    <z-pos>0</z-pos>
  </position>
</worldobj>

<worldobj type="groundpiece">
  <type>ground</type>
  <surface><resource type="datafile">
    <resource-datafile>groundpieces-ground</resource-datafile>
  <resource-ident>snow/piece3</resource-ident>
    <modifier>ROT0</modifier>
  </resource></surface>
  <position>
    <x-pos>405</x-pos>
    <y-pos>344</y-pos>
    <z-pos>0</z-pos>
  </position>
</worldobj>

<worldobj type="groundpiece">
  <type>ground</type>
  <surface><resource type="datafile">
    <resource-datafile>groundpieces-ground</resource-datafile>
  <resource-ident>snow/piece3</resource-ident>
    <modifier>ROT0</modifier>
  </resource></surface>
  <position>
    <x-pos>570</x-pos>
    <y-pos>344</y-pos>
    <z-pos>0</z-pos>
  </position>
</worldobj>

<worldobj type="groundpiece">
  <type>ground</type>
  <surface><resource type="datafile">
    <resource-datafile>groundpieces-ground</resource-datafile>
  <resource-ident>snow/piece3</resource-ident>
    <modifier>ROT0</modifier>
  </resource></surface>
  <position>
    <x-pos>730</x-pos>
    <y-pos>342</y-pos>
    <z-pos>0</z-pos>
  </position>
</worldobj>

<worldobj type="groundpiece">
  <type>ground</type>
  <surface><resource type="datafile">
    <resource-datafile>groundpieces-ground</resource-datafile>
  <resource-ident>snow/piece2</resource-ident>
    <modifier>ROT0</modifier>
  </resource></surface>
  <position>
    <x-pos>893</x-pos>
    <y-pos>347</y-pos>
    <z-pos>0</z-pos>
  </position>
</worldobj>

<worldobj type="groundpiece">
  <type>ground</type>
  <surface><resource type="datafile">
    <resource-datafile>groundpieces-ground</resource-datafile>
  <resource-ident>snow/piece2</resource-ident>
    <modifier>ROT0</modifier>
  </resource></surface>
  <position>
    <x-pos>952</x-pos>
    <y-pos>357</y-pos>
    <z-pos>0</z-pos>
  </position>
</worldobj>

<worldobj type="groundpiece">
  <type>ground</type>
  <surface><resource type="datafile">
    <resource-datafile>groundpieces-ground</resource-datafile>
  <resource-ident>snow/ice1</resource-ident>
    <modifier>ROT0</modifier>
  </resource></surface>
  <position>
    <x-pos>311</x-pos>
    <y-pos>348</y-pos>
    <z-pos>0</z-pos>
  </position>
</worldobj>

<worldobj type="groundpiece">
  <type>ground</type>
  <surface><resource type="datafile">
    <resource-datafile>groundpieces-ground</resource-datafile>
  <resource-ident>snow/ice1</resource-ident>
    <modifier>ROT0</modifier>
  </resource></surface>
  <position>
    <x-pos>842</x-pos>
    <y-pos>347</y-pos>
    <z-pos>0</z-pos>
  </position>
</worldobj>

<worldobj type="groundpiece">
  <type>ground</type>
  <surface><resource type="datafile">
    <resource-datafile>groundpieces-ground</resource-datafile>
  <resource-ident>snow/ice1</resource-ident>
    <modifier>ROT0</modifier>
  </resource></surface>
  <position>
    <x-pos>447</x-pos>
    <y-pos>348</y-pos>
    <z-pos>0</z-pos>
  </position>
</worldobj>

<worldobj type="groundpiece">
  <type>ground</type>
  <surface><resource type="datafile">
    <resource-datafile>groundpieces-ground</resource-datafile>
  <resource-ident>snow/piece7</resource-ident>
    <modifier>ROT0</modifier>
  </resource></surface>
  <position>
    <x-pos>244</x-pos>
    <y-pos>429</y-pos>
    <z-pos>0</z-pos>
  </position>
</worldobj>

<worldobj type="groundpiece">
  <type>ground</type>
  <surface><resource type="datafile">
    <resource-datafile>groundpieces-ground</resource-datafile>
  <resource-ident>snow/piece7</resource-ident>
    <modifier>ROT0</modifier>
  </resource></surface>
  <position>
    <x-pos>178</x-pos>
    <y-pos>537</y-pos>
    <z-pos>0</z-pos>
  </position>
</worldobj>

<worldobj type="groundpiece">
  <type>ground</type>
  <surface><resource type="datafile">
    <resource-datafile>groundpieces-ground</resource-datafile>
  <resource-ident>snow/ice1</resource-ident>
    <modifier>ROT0</modifier>
  </resource></surface>
  <position>
    <x-pos>446</x-pos>
    <y-pos>540</y-pos>
    <z-pos>0</z-pos>
  </position>
</worldobj>

<worldobj type="groundpiece">
  <type>ground</type>
  <surface><resource type="datafile">
    <resource-datafile>groundpieces-ground</resource-datafile>
  <resource-ident>snow/ice2</resource-ident>
    <modifier>ROT0</modifier>
  </resource></surface>
  <position>
    <x-pos>593</x-pos>
    <y-pos>539</y-pos>
    <z-pos>0</z-pos>
  </position>
</worldobj>

<worldobj type="groundpiece">
  <type>ground</type>
  <surface><resource type="datafile">
    <resource-datafile>groundpieces-ground</resource-datafile>
  <resource-ident>snow/ice2</resource-ident>
    <modifier>ROT0</modifier>
  </resource></surface>
  <position>
    <x-pos>796</x-pos>
    <y-pos>538</y-pos>
    <z-pos>0</z-pos>
  </position>
</worldobj>

<worldobj type="groundpiece">
  <type>ground</type>
  <surface><resource type="datafile">
    <resource-datafile>groundpieces-ground</resource-datafile>
  <resource-ident>snow/ice2</resource-ident>
    <modifier>ROT0</modifier>
  </resource></surface>
  <position>
    <x-pos>578</x-pos>
    <y-pos>350</y-pos>
    <z-pos>0</z-pos>
  </position>
</worldobj>

<worldobj type="groundpiece">
  <type>ground</type>
  <surface><resource type="datafile">
    <resource-datafile>groundpieces-ground</resource-datafile>
  <resource-ident>snow/ice2</resource-ident>
    <modifier>ROT0</modifier>
  </resource></surface>
  <position>
    <x-pos>737</x-pos>
    <y-pos>348</y-pos>
    <z-pos>0</z-pos>
  </position>
</worldobj>

<exit use-old-pos-handling="0">
  <position>
    <x-pos>810.48</x-pos>
    <y-pos>535.52</y-pos>
    <z-pos>0</z-pos>
  </position>
  <surface><resource type="datafile">
    <resource-datafile>exits</resource-datafile>
  <resource-ident>exits/ice2</resource-ident>
    <modifier>ROT0</modifier>
  </resource></surface>
  <owner-id>0</owner-id></exit>

<worldobj type="groundpiece">
  <type>ground</type>
  <surface><resource type="datafile">
    <resource-datafile>groundpieces-ground</resource-datafile>
  <resource-ident>snow/piece7</resource-ident>
    <modifier>ROT0</modifier>
  </resource></surface>
  <position>
    <x-pos>392</x-pos>
    <y-pos>579</y-pos>
    <z-pos>0</z-pos>
  </position>
</worldobj>

<worldobj type="groundpiece">
  <type>ground</type>
  <surface><resource type="datafile">
    <resource-datafile>groundpieces-ground</resource-datafile>
  <resource-ident>snow/piece7</resource-ident>
    <modifier>ROT0FLIP</modifier>
  </resource></surface>
  <position>
    <x-pos>350</x-pos>
    <y-pos>578</y-pos>
    <z-pos>0</z-pos>
  </position>
</worldobj>

<worldobj type="groundpiece">
  <type>ground</type>
  <surface><resource type="datafile">
    <resource-datafile>groundpieces-ground</resource-datafile>
  <resource-ident>snow/piece7</resource-ident>
    <modifier>ROT0</modifier>
  </resource></surface>
  <position>
    <x-pos>733</x-pos>
    <y-pos>571</y-pos>
    <z-pos>0</z-pos>
  </position>
</worldobj>

<worldobj type="groundpiece">
  <type>ground</type>
  <surface><resource type="datafile">
    <resource-datafile>groundpieces-ground</resource-datafile>
  <resource-ident>snow/piece9</resource-ident>
    <modifier>ROT0</modifier>
  </resource></surface>
  <position>
    <x-pos>492</x-pos>
    <y-pos>560</y-pos>
    <z-pos>0</z-pos>
  </position>
</worldobj>

<entrance>
  <position>
    <x-pos>516.494</x-pos>
    <y-pos>210.525</y-pos>
    <z-pos>0</z-pos>
  </position>
  <type>generic</type>
  <direction>right</direction>
  <release-rate>150</release-rate>
  <owner-id>0</owner-id>
</entrance>

<worldobj type="groundpiece">
  <type>ground</type>
  <surface><resource type="datafile">
    <resource-datafile>groundpieces-ground</resource-datafile>
  <resource-ident>snow/piece7</resource-ident>
    <modifier>ROT0</modifier>
  </resource></surface>
  <position>
    <x-pos>110</x-pos>
    <y-pos>599</y-pos>
    <z-pos>0</z-pos>
  </position>
</worldobj>

<worldobj type="groundpiece">
  <type>ground</type>
  <surface><resource type="datafile">
    <resource-datafile>groundpieces-ground</resource-datafile>
  <resource-ident>snow/piece7</resource-ident>
    <modifier>ROT0FLIP</modifier>
  </resource></surface>
  <position>
    <x-pos>1056</x-pos>
    <y-pos>590</y-pos>
    <z-pos>0</z-pos>
  </position>
</worldobj>

<worldobj type="groundpiece">
  <type>ground</type>
  <surface><resource type="datafile">
    <resource-datafile>groundpieces-ground</resource-datafile>
  <resource-ident>snow/piece9</resource-ident>
    <modifier>ROT0</modifier>
  </resource></surface>
  <position>
    <x-pos>493</x-pos>
    <y-pos>614</y-pos>
    <z-pos>0</z-pos>
  </position>
</worldobj>

<worldobj type="groundpiece">
  <type>ground</type>
  <surface><resource type="datafile">
    <resource-datafile>groundpieces-ground</resource-datafile>
  <resource-ident>snow/piece9</resource-ident>
    <modifier>ROT0FLIP</modifier>
  </resource></surface>
  <position>
    <x-pos>851</x-pos>
    <y-pos>623</y-pos>
    <z-pos>0</z-pos>
  </position>
</worldobj>

<worldobj type="groundpiece">
  <type>ground</type>
  <surface><resource type="datafile">
    <resource-datafile>groundpieces-ground</resource-datafile>
  <resource-ident>snow/piece9</resource-ident>
    <modifier>ROT0FLIP</modifier>
  </resource></surface>
  <position>
    <x-pos>866</x-pos>
    <y-pos>563</y-pos>
    <z-pos>0</z-pos>
  </position>
</worldobj>

<worldobj type="groundpiece">
  <type>ground</type>
  <surface><resource type="datafile">
    <resource-datafile>groundpieces-ground</resource-datafile>
  <resource-ident>snow/piece7</resource-ident>
    <modifier>ROT0FLIP</modifier>
  </resource></surface>
  <position>
    <x-pos>923</x-pos>
    <y-pos>492</y-pos>
    <z-pos>0</z-pos>
  </position>
</worldobj>

<worldobj type="groundpiece">
  <type>ground</type>
  <surface><resource type="datafile">
    <resource-datafile>groundpieces-ground</resource-datafile>
  <resource-ident>snow/piece7</resource-ident>
    <modifier>ROT0</modifier>
  </resource></surface>
  <position>
    <x-pos>251</x-pos>
    <y-pos>584</y-pos>
    <z-pos>0</z-pos>
  </position>
</worldobj>

<liquid use-old-width-handling="0">
  <surface><resource type="datafile">
    <resource-datafile>liquids</resource-datafile>
  <resource-ident>Liquid/water2</resource-ident>
    <modifier>ROT0</modifier>
  </resource></surface>
  <position>
    <x-pos>-49.52</x-pos>
    <y-pos>643</y-pos>
    <z-pos>50</z-pos>
  </position>
  <width>23</width>
  <speed>60</speed>
</liquid>

<hotspot>
  <surface><resource type="datafile">
    <resource-datafile>entrances</resource-datafile>
  <resource-ident>entrances/snow_front</resource-ident>
    <modifier>ROT0</modifier>
  </resource></surface>
  <position>
    <x-pos>469.6</x-pos>
    <y-pos>170.896</y-pos>
    <z-pos>100</z-pos>
  </position>
  <speed>-1</speed>
  <parallax>1</parallax>
</hotspot>

  <start-position>
  <position>
    <x-pos>638</x-pos>
    <y-pos>423</y-pos>
    <z-pos>1000</z-pos>
  </position>
  </start-position>

</pingus-level>

