<?xml version="1.0"  encoding="ISO-8859-1"?>

<pingus-level>
  <global>
    <levelname lang="en">--- Empty Placeholder Level ---</levelname>
    <description lang="en">This Level is not playable and EMPTY!</description>
    <author>Ingo Ruhnke &lt;grumbel@gmx.de&gt;</author>
    <number-of-pingus>50</number-of-pingus>
    <number-to-save>25</number-to-save>
    <time>-1</time>
    <width>1216</width>
    <height>608</height>
    <difficulty>40</difficulty>
    <playable>0</playable>
    <comment></comment>
  </global>

  <action-list>
    <basher count="20"/>
    <blocker count="20"/>
    <bomber count="20"/>
    <bridger count="20"/>
    <climber count="20"/>
    <digger count="20"/>
    <floater count="20"/>
    <jumper count="20"/>
    <miner count="20"/>
    <slider count="20"/>
  </action-list>

  <start-position>
  <position>
    <x-pos>50</x-pos>
    <y-pos>50</y-pos>
    <z-pos>1000</z-pos>
  </position>
  </start-position>

</pingus-level>

