<?xml version="1.0"  encoding="ISO-8859-1"?>

<pingus-level>
  <global>
    <levelname lang="en">Block'a Rock</levelname>
    <levelname lang="de">Blockiere und sprenge</levelname>

    <description lang="en">Again is the time to combine the stuff you have learned in your
previous levels. Blast your way free and make sure you also keep the
rest of the Pingus in control, the Blocker action will help.</description>
    <description lang="de">Wieder ist es an der Zeit die Dinge die Du bereits gelernt hast
zu verbinden. Sprenge Dir den Weg frei und achte darauf das du auch
die restlichen Pingu unter Kontrolle h�lst. Der Blocker wird
Dir helfen.</description>

    <author>Ingo Ruhnke &lt;grumbel@gmx.de&gt;</author>
    <number-of-pingus>35</number-of-pingus>
    <number-to-save>15</number-to-save>
    <time>-1</time>
    <width>1200</width>
    <height>1000</height>
    <difficulty>40</difficulty>
    <playable>1</playable>
    <comment></comment>
    <music>pingus-8.it</music>
  </global>

  <action-list>
    <blocker count="20"/>
    <bomber count="20"/>
  </action-list>

<background type="surface">
  <surface><resource type="datafile">
    <resource-datafile>textures</resource-datafile>
  <resource-ident>textures/happyclouds</resource-ident>
    <modifier>ROT0</modifier>
  </resource></surface>
  <color>
    <red>0.5</red>
    <green>0</green>
    <blue>0</blue>
    <alpha>0.35</alpha>
  </color>
  <scroll-x>0.5</scroll-x>
  <scroll-y>0</scroll-y>
  <para-x>0.5</para-x>
  <para-y>0.5</para-y>
  <stretch-x>0</stretch-x>
  <stretch-y>1</stretch-y>
  <keep-aspect>1</keep-aspect>
  <position>
    <x-pos>-35</x-pos>
    <y-pos>68.5</y-pos>
    <z-pos>-150</z-pos>
  </position>
</background>

<hotspot>
  <surface><resource type="datafile">
    <resource-datafile>entrances</resource-datafile>
  <resource-ident>entrances/snow_back</resource-ident>
    <modifier>ROT0</modifier>
  </resource></surface>
  <position>
    <x-pos>782.475</x-pos>
    <y-pos>109.172</y-pos>
    <z-pos>-50</z-pos>
  </position>
  <speed>-1</speed>
  <parallax>1</parallax>
</hotspot>

<liquid use-old-width-handling="0">
  <surface><resource type="datafile">
    <resource-datafile>liquids</resource-datafile>
  <resource-ident>Liquid/water2</resource-ident>
    <modifier>ROT0</modifier>
  </resource></surface>
  <position>
    <x-pos>-46</x-pos>
    <y-pos>935</y-pos>
    <z-pos>-50</z-pos>
  </position>
  <width>20</width>
  <speed>55</speed>
</liquid>

<worldobj type="groundpiece">
  <type>ground</type>
  <surface><resource type="datafile">
    <resource-datafile>groundpieces-ground</resource-datafile>
  <resource-ident>snow/ice2</resource-ident>
    <modifier>ROT0</modifier>
  </resource></surface>
  <position>
    <x-pos>725</x-pos>
    <y-pos>644</y-pos>
    <z-pos>0</z-pos>
  </position>
</worldobj>

<worldobj type="groundpiece">
  <type>ground</type>
  <surface><resource type="datafile">
    <resource-datafile>groundpieces-ground</resource-datafile>
  <resource-ident>snow/ice2</resource-ident>
    <modifier>ROT0</modifier>
  </resource></surface>
  <position>
    <x-pos>126</x-pos>
    <y-pos>535</y-pos>
    <z-pos>0</z-pos>
  </position>
</worldobj>

<worldobj type="groundpiece">
  <type>ground</type>
  <surface><resource type="datafile">
    <resource-datafile>groundpieces-ground</resource-datafile>
  <resource-ident>snow/ice2</resource-ident>
    <modifier>ROT0</modifier>
  </resource></surface>
  <position>
    <x-pos>190</x-pos>
    <y-pos>535</y-pos>
    <z-pos>0</z-pos>
  </position>
</worldobj>

<worldobj type="groundpiece">
  <type>ground</type>
  <surface><resource type="datafile">
    <resource-datafile>groundpieces-ground</resource-datafile>
  <resource-ident>snow/ice2</resource-ident>
    <modifier>ROT0</modifier>
  </resource></surface>
  <position>
    <x-pos>261</x-pos>
    <y-pos>754</y-pos>
    <z-pos>0</z-pos>
  </position>
</worldobj>

<worldobj type="groundpiece">
  <type>ground</type>
  <surface><resource type="datafile">
    <resource-datafile>groundpieces-ground</resource-datafile>
  <resource-ident>snow/ice2</resource-ident>
    <modifier>ROT0</modifier>
  </resource></surface>
  <position>
    <x-pos>197</x-pos>
    <y-pos>753</y-pos>
    <z-pos>0</z-pos>
  </position>
</worldobj>

<worldobj type="groundpiece">
  <type>ground</type>
  <surface><resource type="datafile">
    <resource-datafile>groundpieces-ground</resource-datafile>
  <resource-ident>snow/ice2</resource-ident>
    <modifier>ROT0</modifier>
  </resource></surface>
  <position>
    <x-pos>390</x-pos>
    <y-pos>754</y-pos>
    <z-pos>0</z-pos>
  </position>
</worldobj>

<worldobj type="groundpiece">
  <type>ground</type>
  <surface><resource type="datafile">
    <resource-datafile>groundpieces-ground</resource-datafile>
  <resource-ident>snow/ice2</resource-ident>
    <modifier>ROT0</modifier>
  </resource></surface>
  <position>
    <x-pos>326</x-pos>
    <y-pos>754</y-pos>
    <z-pos>0</z-pos>
  </position>
</worldobj>

<worldobj type="groundpiece">
  <type>ground</type>
  <surface><resource type="datafile">
    <resource-datafile>groundpieces-ground</resource-datafile>
  <resource-ident>snow/ice2</resource-ident>
    <modifier>ROT0</modifier>
  </resource></surface>
  <position>
    <x-pos>517</x-pos>
    <y-pos>756</y-pos>
    <z-pos>0</z-pos>
  </position>
</worldobj>

<worldobj type="groundpiece">
  <type>ground</type>
  <surface><resource type="datafile">
    <resource-datafile>groundpieces-ground</resource-datafile>
  <resource-ident>snow/ice2</resource-ident>
    <modifier>ROT0</modifier>
  </resource></surface>
  <position>
    <x-pos>453</x-pos>
    <y-pos>755</y-pos>
    <z-pos>0</z-pos>
  </position>
</worldobj>

<worldobj type="groundpiece">
  <type>ground</type>
  <surface><resource type="datafile">
    <resource-datafile>groundpieces-ground</resource-datafile>
  <resource-ident>snow/ice2</resource-ident>
    <modifier>ROT0</modifier>
  </resource></surface>
  <position>
    <x-pos>579</x-pos>
    <y-pos>755</y-pos>
    <z-pos>0</z-pos>
  </position>
</worldobj>

<worldobj type="groundpiece">
  <type>ground</type>
  <surface><resource type="datafile">
    <resource-datafile>groundpieces-ground</resource-datafile>
  <resource-ident>snow/ice2</resource-ident>
    <modifier>ROT0</modifier>
  </resource></surface>
  <position>
    <x-pos>714</x-pos>
    <y-pos>870</y-pos>
    <z-pos>0</z-pos>
  </position>
</worldobj>

<worldobj type="groundpiece">
  <type>ground</type>
  <surface><resource type="datafile">
    <resource-datafile>groundpieces-ground</resource-datafile>
  <resource-ident>snow/ice2</resource-ident>
    <modifier>ROT0</modifier>
  </resource></surface>
  <position>
    <x-pos>653</x-pos>
    <y-pos>871</y-pos>
    <z-pos>0</z-pos>
  </position>
</worldobj>

<worldobj type="groundpiece">
  <type>ground</type>
  <surface><resource type="datafile">
    <resource-datafile>groundpieces-ground</resource-datafile>
  <resource-ident>snow/ice2</resource-ident>
    <modifier>ROT0</modifier>
  </resource></surface>
  <position>
    <x-pos>843</x-pos>
    <y-pos>870</y-pos>
    <z-pos>0</z-pos>
  </position>
</worldobj>

<worldobj type="groundpiece">
  <type>ground</type>
  <surface><resource type="datafile">
    <resource-datafile>groundpieces-ground</resource-datafile>
  <resource-ident>snow/ice2</resource-ident>
    <modifier>ROT0</modifier>
  </resource></surface>
  <position>
    <x-pos>779</x-pos>
    <y-pos>870</y-pos>
    <z-pos>0</z-pos>
  </position>
</worldobj>

<worldobj type="groundpiece">
  <type>ground</type>
  <surface><resource type="datafile">
    <resource-datafile>groundpieces-ground</resource-datafile>
  <resource-ident>snow/ice2</resource-ident>
    <modifier>ROT0</modifier>
  </resource></surface>
  <position>
    <x-pos>897</x-pos>
    <y-pos>872</y-pos>
    <z-pos>0</z-pos>
  </position>
</worldobj>

<worldobj type="groundpiece">
  <type>ground</type>
  <surface><resource type="datafile">
    <resource-datafile>groundpieces-ground</resource-datafile>
  <resource-ident>snow/ice2</resource-ident>
    <modifier>ROT0</modifier>
  </resource></surface>
  <position>
    <x-pos>715</x-pos>
    <y-pos>415</y-pos>
    <z-pos>0</z-pos>
  </position>
</worldobj>

<worldobj type="groundpiece">
  <type>ground</type>
  <surface><resource type="datafile">
    <resource-datafile>groundpieces-ground</resource-datafile>
  <resource-ident>snow/ice2</resource-ident>
    <modifier>ROT0</modifier>
  </resource></surface>
  <position>
    <x-pos>778</x-pos>
    <y-pos>416</y-pos>
    <z-pos>0</z-pos>
  </position>
</worldobj>

<worldobj type="groundpiece">
  <type>ground</type>
  <surface><resource type="datafile">
    <resource-datafile>groundpieces-ground</resource-datafile>
  <resource-ident>snow/ice2</resource-ident>
    <modifier>ROT0</modifier>
  </resource></surface>
  <position>
    <x-pos>882</x-pos>
    <y-pos>307</y-pos>
    <z-pos>0</z-pos>
  </position>
</worldobj>

<worldobj type="groundpiece">
  <type>ground</type>
  <surface><resource type="datafile">
    <resource-datafile>groundpieces-ground</resource-datafile>
  <resource-ident>snow/way</resource-ident>
    <modifier>ROT270</modifier>
  </resource></surface>
  <position>
    <x-pos>443</x-pos>
    <y-pos>513</y-pos>
    <z-pos>0</z-pos>
  </position>
</worldobj>

<worldobj type="groundpiece">
  <type>ground</type>
  <surface><resource type="datafile">
    <resource-datafile>groundpieces-ground</resource-datafile>
  <resource-ident>snow/way</resource-ident>
    <modifier>ROT270</modifier>
  </resource></surface>
  <position>
    <x-pos>589</x-pos>
    <y-pos>402</y-pos>
    <z-pos>0</z-pos>
  </position>
</worldobj>

<worldobj type="groundpiece">
  <type>ground</type>
  <surface><resource type="datafile">
    <resource-datafile>groundpieces-ground</resource-datafile>
  <resource-ident>snow/way</resource-ident>
    <modifier>ROT270</modifier>
  </resource></surface>
  <position>
    <x-pos>305</x-pos>
    <y-pos>302</y-pos>
    <z-pos>0</z-pos>
  </position>
</worldobj>

<worldobj type="groundpiece">
  <type>ground</type>
  <surface><resource type="datafile">
    <resource-datafile>groundpieces-ground</resource-datafile>
  <resource-ident>snow/way</resource-ident>
    <modifier>ROT270</modifier>
  </resource></surface>
  <position>
    <x-pos>384</x-pos>
    <y-pos>627</y-pos>
    <z-pos>0</z-pos>
  </position>
</worldobj>

<worldobj type="groundpiece">
  <type>ground</type>
  <surface><resource type="datafile">
    <resource-datafile>groundpieces-ground</resource-datafile>
  <resource-ident>snow/block1</resource-ident>
    <modifier>ROT0</modifier>
  </resource></surface>
  <position>
    <x-pos>446</x-pos>
    <y-pos>250</y-pos>
    <z-pos>0</z-pos>
  </position>
</worldobj>

<worldobj type="groundpiece">
  <type>ground</type>
  <surface><resource type="datafile">
    <resource-datafile>groundpieces-ground</resource-datafile>
  <resource-ident>snow/block2</resource-ident>
    <modifier>ROT0</modifier>
  </resource></surface>
  <position>
    <x-pos>510</x-pos>
    <y-pos>250</y-pos>
    <z-pos>0</z-pos>
  </position>
</worldobj>

<worldobj type="groundpiece">
  <type>ground</type>
  <surface><resource type="datafile">
    <resource-datafile>groundpieces-ground</resource-datafile>
  <resource-ident>snow/block1</resource-ident>
    <modifier>ROT0</modifier>
  </resource></surface>
  <position>
    <x-pos>574</x-pos>
    <y-pos>250</y-pos>
    <z-pos>0</z-pos>
  </position>
</worldobj>

<worldobj type="groundpiece">
  <type>ground</type>
  <surface><resource type="datafile">
    <resource-datafile>groundpieces-ground</resource-datafile>
  <resource-ident>snow/way</resource-ident>
    <modifier>ROT270</modifier>
  </resource></surface>
  <position>
    <x-pos>935</x-pos>
    <y-pos>721</y-pos>
    <z-pos>0</z-pos>
  </position>
</worldobj>

<worldobj type="groundpiece">
  <type>ground</type>
  <surface><resource type="datafile">
    <resource-datafile>groundpieces-ground</resource-datafile>
  <resource-ident>snow/block2</resource-ident>
    <modifier>ROT0</modifier>
  </resource></surface>
  <position>
    <x-pos>638</x-pos>
    <y-pos>250</y-pos>
    <z-pos>0</z-pos>
  </position>
</worldobj>

<worldobj type="groundpiece">
  <type>ground</type>
  <surface><resource type="datafile">
    <resource-datafile>groundpieces-ground</resource-datafile>
  <resource-ident>snow/block1</resource-ident>
    <modifier>ROT0</modifier>
  </resource></surface>
  <position>
    <x-pos>702</x-pos>
    <y-pos>250</y-pos>
    <z-pos>0</z-pos>
  </position>
</worldobj>

<worldobj type="groundpiece">
  <type>ground</type>
  <surface><resource type="datafile">
    <resource-datafile>groundpieces-ground</resource-datafile>
  <resource-ident>snow/block2</resource-ident>
    <modifier>ROT0</modifier>
  </resource></surface>
  <position>
    <x-pos>766</x-pos>
    <y-pos>250</y-pos>
    <z-pos>0</z-pos>
  </position>
</worldobj>

<worldobj type="groundpiece">
  <type>ground</type>
  <surface><resource type="datafile">
    <resource-datafile>groundpieces-ground</resource-datafile>
  <resource-ident>snow/block1</resource-ident>
    <modifier>ROT0</modifier>
  </resource></surface>
  <position>
    <x-pos>830</x-pos>
    <y-pos>250</y-pos>
    <z-pos>0</z-pos>
  </position>
</worldobj>

<worldobj type="groundpiece">
  <type>ground</type>
  <surface><resource type="datafile">
    <resource-datafile>groundpieces-ground</resource-datafile>
  <resource-ident>snow/block2</resource-ident>
    <modifier>ROT0</modifier>
  </resource></surface>
  <position>
    <x-pos>894</x-pos>
    <y-pos>250</y-pos>
    <z-pos>0</z-pos>
  </position>
</worldobj>

<worldobj type="groundpiece">
  <type>ground</type>
  <surface><resource type="datafile">
    <resource-datafile>groundpieces-ground</resource-datafile>
  <resource-ident>snow/block1</resource-ident>
    <modifier>ROT0</modifier>
  </resource></surface>
  <position>
    <x-pos>277</x-pos>
    <y-pos>361</y-pos>
    <z-pos>0</z-pos>
  </position>
</worldobj>

<worldobj type="groundpiece">
  <type>ground</type>
  <surface><resource type="datafile">
    <resource-datafile>groundpieces-ground</resource-datafile>
  <resource-ident>snow/block2</resource-ident>
    <modifier>ROT0</modifier>
  </resource></surface>
  <position>
    <x-pos>341</x-pos>
    <y-pos>361</y-pos>
    <z-pos>0</z-pos>
  </position>
</worldobj>

<worldobj type="groundpiece">
  <type>ground</type>
  <surface><resource type="datafile">
    <resource-datafile>groundpieces-ground</resource-datafile>
  <resource-ident>snow/block1</resource-ident>
    <modifier>ROT0</modifier>
  </resource></surface>
  <position>
    <x-pos>405</x-pos>
    <y-pos>361</y-pos>
    <z-pos>0</z-pos>
  </position>
</worldobj>

<worldobj type="groundpiece">
  <type>ground</type>
  <surface><resource type="datafile">
    <resource-datafile>groundpieces-ground</resource-datafile>
  <resource-ident>snow/block2</resource-ident>
    <modifier>ROT0</modifier>
  </resource></surface>
  <position>
    <x-pos>469</x-pos>
    <y-pos>361</y-pos>
    <z-pos>0</z-pos>
  </position>
</worldobj>

<worldobj type="groundpiece">
  <type>ground</type>
  <surface><resource type="datafile">
    <resource-datafile>groundpieces-ground</resource-datafile>
  <resource-ident>snow/block1</resource-ident>
    <modifier>ROT0</modifier>
  </resource></surface>
  <position>
    <x-pos>533</x-pos>
    <y-pos>361</y-pos>
    <z-pos>0</z-pos>
  </position>
</worldobj>

<worldobj type="groundpiece">
  <type>ground</type>
  <surface><resource type="datafile">
    <resource-datafile>groundpieces-ground</resource-datafile>
  <resource-ident>snow/block2</resource-ident>
    <modifier>ROT0</modifier>
  </resource></surface>
  <position>
    <x-pos>597</x-pos>
    <y-pos>361</y-pos>
    <z-pos>0</z-pos>
  </position>
</worldobj>

<worldobj type="groundpiece">
  <type>ground</type>
  <surface><resource type="datafile">
    <resource-datafile>groundpieces-ground</resource-datafile>
  <resource-ident>snow/block1</resource-ident>
    <modifier>ROT0</modifier>
  </resource></surface>
  <position>
    <x-pos>661</x-pos>
    <y-pos>361</y-pos>
    <z-pos>0</z-pos>
  </position>
</worldobj>

<worldobj type="groundpiece">
  <type>ground</type>
  <surface><resource type="datafile">
    <resource-datafile>groundpieces-ground</resource-datafile>
  <resource-ident>snow/block2</resource-ident>
    <modifier>ROT0</modifier>
  </resource></surface>
  <position>
    <x-pos>725</x-pos>
    <y-pos>361</y-pos>
    <z-pos>0</z-pos>
  </position>
</worldobj>

<worldobj type="groundpiece">
  <type>ground</type>
  <surface><resource type="datafile">
    <resource-datafile>groundpieces-ground</resource-datafile>
  <resource-ident>snow/block1</resource-ident>
    <modifier>ROT0</modifier>
  </resource></surface>
  <position>
    <x-pos>111</x-pos>
    <y-pos>477</y-pos>
    <z-pos>0</z-pos>
  </position>
</worldobj>

<worldobj type="groundpiece">
  <type>ground</type>
  <surface><resource type="datafile">
    <resource-datafile>groundpieces-ground</resource-datafile>
  <resource-ident>snow/block2</resource-ident>
    <modifier>ROT0</modifier>
  </resource></surface>
  <position>
    <x-pos>175</x-pos>
    <y-pos>477</y-pos>
    <z-pos>0</z-pos>
  </position>
</worldobj>

<worldobj type="groundpiece">
  <type>ground</type>
  <surface><resource type="datafile">
    <resource-datafile>groundpieces-ground</resource-datafile>
  <resource-ident>snow/block1</resource-ident>
    <modifier>ROT0</modifier>
  </resource></surface>
  <position>
    <x-pos>239</x-pos>
    <y-pos>477</y-pos>
    <z-pos>0</z-pos>
  </position>
</worldobj>

<worldobj type="groundpiece">
  <type>ground</type>
  <surface><resource type="datafile">
    <resource-datafile>groundpieces-ground</resource-datafile>
  <resource-ident>snow/block2</resource-ident>
    <modifier>ROT0</modifier>
  </resource></surface>
  <position>
    <x-pos>303</x-pos>
    <y-pos>477</y-pos>
    <z-pos>0</z-pos>
  </position>
</worldobj>

<worldobj type="groundpiece">
  <type>ground</type>
  <surface><resource type="datafile">
    <resource-datafile>groundpieces-ground</resource-datafile>
  <resource-ident>snow/block1</resource-ident>
    <modifier>ROT0</modifier>
  </resource></surface>
  <position>
    <x-pos>367</x-pos>
    <y-pos>477</y-pos>
    <z-pos>0</z-pos>
  </position>
</worldobj>

<worldobj type="groundpiece">
  <type>ground</type>
  <surface><resource type="datafile">
    <resource-datafile>groundpieces-ground</resource-datafile>
  <resource-ident>snow/block2</resource-ident>
    <modifier>ROT0</modifier>
  </resource></surface>
  <position>
    <x-pos>431</x-pos>
    <y-pos>477</y-pos>
    <z-pos>0</z-pos>
  </position>
</worldobj>

<worldobj type="groundpiece">
  <type>ground</type>
  <surface><resource type="datafile">
    <resource-datafile>groundpieces-ground</resource-datafile>
  <resource-ident>snow/block1</resource-ident>
    <modifier>ROT0</modifier>
  </resource></surface>
  <position>
    <x-pos>495</x-pos>
    <y-pos>477</y-pos>
    <z-pos>0</z-pos>
  </position>
</worldobj>

<worldobj type="groundpiece">
  <type>ground</type>
  <surface><resource type="datafile">
    <resource-datafile>groundpieces-ground</resource-datafile>
  <resource-ident>snow/block2</resource-ident>
    <modifier>ROT0</modifier>
  </resource></surface>
  <position>
    <x-pos>559</x-pos>
    <y-pos>477</y-pos>
    <z-pos>0</z-pos>
  </position>
</worldobj>

<worldobj type="groundpiece">
  <type>ground</type>
  <surface><resource type="datafile">
    <resource-datafile>groundpieces-ground</resource-datafile>
  <resource-ident>snow/block1</resource-ident>
    <modifier>ROT0</modifier>
  </resource></surface>
  <position>
    <x-pos>288</x-pos>
    <y-pos>588</y-pos>
    <z-pos>0</z-pos>
  </position>
</worldobj>

<worldobj type="groundpiece">
  <type>ground</type>
  <surface><resource type="datafile">
    <resource-datafile>groundpieces-ground</resource-datafile>
  <resource-ident>snow/block2</resource-ident>
    <modifier>ROT0</modifier>
  </resource></surface>
  <position>
    <x-pos>352</x-pos>
    <y-pos>588</y-pos>
    <z-pos>0</z-pos>
  </position>
</worldobj>

<worldobj type="groundpiece">
  <type>ground</type>
  <surface><resource type="datafile">
    <resource-datafile>groundpieces-ground</resource-datafile>
  <resource-ident>snow/block1</resource-ident>
    <modifier>ROT0</modifier>
  </resource></surface>
  <position>
    <x-pos>416</x-pos>
    <y-pos>588</y-pos>
    <z-pos>0</z-pos>
  </position>
</worldobj>

<worldobj type="groundpiece">
  <type>ground</type>
  <surface><resource type="datafile">
    <resource-datafile>groundpieces-ground</resource-datafile>
  <resource-ident>snow/block2</resource-ident>
    <modifier>ROT0</modifier>
  </resource></surface>
  <position>
    <x-pos>480</x-pos>
    <y-pos>588</y-pos>
    <z-pos>0</z-pos>
  </position>
</worldobj>

<worldobj type="groundpiece">
  <type>ground</type>
  <surface><resource type="datafile">
    <resource-datafile>groundpieces-ground</resource-datafile>
  <resource-ident>snow/block1</resource-ident>
    <modifier>ROT0</modifier>
  </resource></surface>
  <position>
    <x-pos>544</x-pos>
    <y-pos>588</y-pos>
    <z-pos>0</z-pos>
  </position>
</worldobj>

<worldobj type="groundpiece">
  <type>ground</type>
  <surface><resource type="datafile">
    <resource-datafile>groundpieces-ground</resource-datafile>
  <resource-ident>snow/block2</resource-ident>
    <modifier>ROT0</modifier>
  </resource></surface>
  <position>
    <x-pos>608</x-pos>
    <y-pos>588</y-pos>
    <z-pos>0</z-pos>
  </position>
</worldobj>

<worldobj type="groundpiece">
  <type>ground</type>
  <surface><resource type="datafile">
    <resource-datafile>groundpieces-ground</resource-datafile>
  <resource-ident>snow/block1</resource-ident>
    <modifier>ROT0</modifier>
  </resource></surface>
  <position>
    <x-pos>672</x-pos>
    <y-pos>588</y-pos>
    <z-pos>0</z-pos>
  </position>
</worldobj>

<worldobj type="groundpiece">
  <type>ground</type>
  <surface><resource type="datafile">
    <resource-datafile>groundpieces-ground</resource-datafile>
  <resource-ident>snow/block2</resource-ident>
    <modifier>ROT0</modifier>
  </resource></surface>
  <position>
    <x-pos>736</x-pos>
    <y-pos>588</y-pos>
    <z-pos>0</z-pos>
  </position>
</worldobj>

<entrance>
  <position>
    <x-pos>828</x-pos>
    <y-pos>150</y-pos>
    <z-pos>0</z-pos>
  </position>
  <type>generic</type>
  <direction>left</direction>
  <release-rate>120</release-rate>
  <owner-id>0</owner-id>
</entrance>

<worldobj type="groundpiece">
  <type>ground</type>
  <surface><resource type="datafile">
    <resource-datafile>groundpieces-ground</resource-datafile>
  <resource-ident>snow/block1</resource-ident>
    <modifier>ROT0</modifier>
  </resource></surface>
  <position>
    <x-pos>196</x-pos>
    <y-pos>696</y-pos>
    <z-pos>0</z-pos>
  </position>
</worldobj>

<worldobj type="groundpiece">
  <type>ground</type>
  <surface><resource type="datafile">
    <resource-datafile>groundpieces-ground</resource-datafile>
  <resource-ident>snow/block2</resource-ident>
    <modifier>ROT0</modifier>
  </resource></surface>
  <position>
    <x-pos>260</x-pos>
    <y-pos>696</y-pos>
    <z-pos>0</z-pos>
  </position>
</worldobj>

<worldobj type="groundpiece">
  <type>ground</type>
  <surface><resource type="datafile">
    <resource-datafile>groundpieces-ground</resource-datafile>
  <resource-ident>snow/block1</resource-ident>
    <modifier>ROT0</modifier>
  </resource></surface>
  <position>
    <x-pos>324</x-pos>
    <y-pos>696</y-pos>
    <z-pos>0</z-pos>
  </position>
</worldobj>

<worldobj type="groundpiece">
  <type>ground</type>
  <surface><resource type="datafile">
    <resource-datafile>groundpieces-ground</resource-datafile>
  <resource-ident>snow/block2</resource-ident>
    <modifier>ROT0</modifier>
  </resource></surface>
  <position>
    <x-pos>388</x-pos>
    <y-pos>696</y-pos>
    <z-pos>0</z-pos>
  </position>
</worldobj>

<worldobj type="groundpiece">
  <type>ground</type>
  <surface><resource type="datafile">
    <resource-datafile>groundpieces-ground</resource-datafile>
  <resource-ident>snow/block1</resource-ident>
    <modifier>ROT0</modifier>
  </resource></surface>
  <position>
    <x-pos>452</x-pos>
    <y-pos>696</y-pos>
    <z-pos>0</z-pos>
  </position>
</worldobj>

<worldobj type="groundpiece">
  <type>ground</type>
  <surface><resource type="datafile">
    <resource-datafile>groundpieces-ground</resource-datafile>
  <resource-ident>snow/block2</resource-ident>
    <modifier>ROT0</modifier>
  </resource></surface>
  <position>
    <x-pos>516</x-pos>
    <y-pos>696</y-pos>
    <z-pos>0</z-pos>
  </position>
</worldobj>

<worldobj type="groundpiece">
  <type>ground</type>
  <surface><resource type="datafile">
    <resource-datafile>groundpieces-ground</resource-datafile>
  <resource-ident>snow/block1</resource-ident>
    <modifier>ROT0</modifier>
  </resource></surface>
  <position>
    <x-pos>580</x-pos>
    <y-pos>696</y-pos>
    <z-pos>0</z-pos>
  </position>
</worldobj>

<worldobj type="groundpiece">
  <type>ground</type>
  <surface><resource type="datafile">
    <resource-datafile>groundpieces-ground</resource-datafile>
  <resource-ident>snow/block2</resource-ident>
    <modifier>ROT0</modifier>
  </resource></surface>
  <position>
    <x-pos>644</x-pos>
    <y-pos>696</y-pos>
    <z-pos>0</z-pos>
  </position>
</worldobj>

<worldobj type="groundpiece">
  <type>ground</type>
  <surface><resource type="datafile">
    <resource-datafile>groundpieces-ground</resource-datafile>
  <resource-ident>snow/block1</resource-ident>
    <modifier>ROT0</modifier>
  </resource></surface>
  <position>
    <x-pos>650</x-pos>
    <y-pos>815</y-pos>
    <z-pos>0</z-pos>
  </position>
</worldobj>

<worldobj type="groundpiece">
  <type>ground</type>
  <surface><resource type="datafile">
    <resource-datafile>groundpieces-ground</resource-datafile>
  <resource-ident>snow/block2</resource-ident>
    <modifier>ROT0</modifier>
  </resource></surface>
  <position>
    <x-pos>714</x-pos>
    <y-pos>815</y-pos>
    <z-pos>0</z-pos>
  </position>
</worldobj>

<worldobj type="groundpiece">
  <type>ground</type>
  <surface><resource type="datafile">
    <resource-datafile>groundpieces-ground</resource-datafile>
  <resource-ident>snow/block1</resource-ident>
    <modifier>ROT0</modifier>
  </resource></surface>
  <position>
    <x-pos>778</x-pos>
    <y-pos>815</y-pos>
    <z-pos>0</z-pos>
  </position>
</worldobj>

<worldobj type="groundpiece">
  <type>ground</type>
  <surface><resource type="datafile">
    <resource-datafile>groundpieces-ground</resource-datafile>
  <resource-ident>snow/block2</resource-ident>
    <modifier>ROT0</modifier>
  </resource></surface>
  <position>
    <x-pos>842</x-pos>
    <y-pos>815</y-pos>
    <z-pos>0</z-pos>
  </position>
</worldobj>

<exit use-old-pos-handling="0">
  <position>
    <x-pos>835.553</x-pos>
    <y-pos>816.912</y-pos>
    <z-pos>0</z-pos>
  </position>
  <surface><resource type="datafile">
    <resource-datafile>exits</resource-datafile>
  <resource-ident>exits/ice2</resource-ident>
    <modifier>ROT0</modifier>
  </resource></surface>
  <owner-id>0</owner-id></exit>

<worldobj type="groundpiece">
  <type>ground</type>
  <surface><resource type="datafile">
    <resource-datafile>groundpieces-ground</resource-datafile>
  <resource-ident>snow/block1</resource-ident>
    <modifier>ROT0</modifier>
  </resource></surface>
  <position>
    <x-pos>906</x-pos>
    <y-pos>815</y-pos>
    <z-pos>0</z-pos>
  </position>
</worldobj>

<worldobj type="groundpiece">
  <type>ground</type>
  <surface><resource type="datafile">
    <resource-datafile>groundpieces-ground</resource-datafile>
  <resource-ident>snow/way</resource-ident>
    <modifier>ROT0</modifier>
  </resource></surface>
  <position>
    <x-pos>889</x-pos>
    <y-pos>719</y-pos>
    <z-pos>0</z-pos>
  </position>
</worldobj>

<worldobj type="groundpiece">
  <type>ground</type>
  <surface><resource type="datafile">
    <resource-datafile>groundpieces-ground</resource-datafile>
  <resource-ident>snow/ice2</resource-ident>
    <modifier>ROT0</modifier>
  </resource></surface>
  <position>
    <x-pos>888</x-pos>
    <y-pos>711</y-pos>
    <z-pos>0</z-pos>
  </position>
</worldobj>

<worldobj type="groundpiece">
  <type>ground</type>
  <surface><resource type="datafile">
    <resource-datafile>groundpieces-ground</resource-datafile>
  <resource-ident>snow/ice2</resource-ident>
    <modifier>ROT0</modifier>
  </resource></surface>
  <position>
    <x-pos>915</x-pos>
    <y-pos>711</y-pos>
    <z-pos>0</z-pos>
  </position>
</worldobj>

<worldobj type="groundpiece">
  <type>ground</type>
  <surface><resource type="datafile">
    <resource-datafile>groundpieces-ground</resource-datafile>
  <resource-ident>snow/ice2</resource-ident>
    <modifier>ROT0</modifier>
  </resource></surface>
  <position>
    <x-pos>646</x-pos>
    <y-pos>812</y-pos>
    <z-pos>0</z-pos>
  </position>
</worldobj>

<worldobj type="groundpiece">
  <type>ground</type>
  <surface><resource type="datafile">
    <resource-datafile>groundpieces-ground</resource-datafile>
  <resource-ident>snow/ice2</resource-ident>
    <modifier>ROT0</modifier>
  </resource></surface>
  <position>
    <x-pos>713</x-pos>
    <y-pos>813</y-pos>
    <z-pos>0</z-pos>
  </position>
</worldobj>

<worldobj type="groundpiece">
  <type>ground</type>
  <surface><resource type="datafile">
    <resource-datafile>groundpieces-ground</resource-datafile>
  <resource-ident>snow/ice2</resource-ident>
    <modifier>ROT0</modifier>
  </resource></surface>
  <position>
    <x-pos>776</x-pos>
    <y-pos>813</y-pos>
    <z-pos>0</z-pos>
  </position>
</worldobj>

<worldobj type="groundpiece">
  <type>ground</type>
  <surface><resource type="datafile">
    <resource-datafile>groundpieces-ground</resource-datafile>
  <resource-ident>snow/ice2</resource-ident>
    <modifier>ROT0</modifier>
  </resource></surface>
  <position>
    <x-pos>845</x-pos>
    <y-pos>813</y-pos>
    <z-pos>0</z-pos>
  </position>
</worldobj>

<worldobj type="groundpiece">
  <type>ground</type>
  <surface><resource type="datafile">
    <resource-datafile>groundpieces-ground</resource-datafile>
  <resource-ident>snow/ice2</resource-ident>
    <modifier>ROT0</modifier>
  </resource></surface>
  <position>
    <x-pos>899</x-pos>
    <y-pos>812</y-pos>
    <z-pos>0</z-pos>
  </position>
</worldobj>

<worldobj type="groundpiece">
  <type>ground</type>
  <surface><resource type="datafile">
    <resource-datafile>groundpieces-ground</resource-datafile>
  <resource-ident>snow/ice2</resource-ident>
    <modifier>ROT0</modifier>
  </resource></surface>
  <position>
    <x-pos>333</x-pos>
    <y-pos>360</y-pos>
    <z-pos>0</z-pos>
  </position>
</worldobj>

<worldobj type="groundpiece">
  <type>ground</type>
  <surface><resource type="datafile">
    <resource-datafile>groundpieces-ground</resource-datafile>
  <resource-ident>snow/ice2</resource-ident>
    <modifier>ROT0</modifier>
  </resource></surface>
  <position>
    <x-pos>274</x-pos>
    <y-pos>359</y-pos>
    <z-pos>0</z-pos>
  </position>
</worldobj>

<worldobj type="groundpiece">
  <type>ground</type>
  <surface><resource type="datafile">
    <resource-datafile>groundpieces-ground</resource-datafile>
  <resource-ident>snow/ice2</resource-ident>
    <modifier>ROT0</modifier>
  </resource></surface>
  <position>
    <x-pos>729</x-pos>
    <y-pos>586</y-pos>
    <z-pos>0</z-pos>
  </position>
</worldobj>

<worldobj type="groundpiece">
  <type>ground</type>
  <surface><resource type="datafile">
    <resource-datafile>groundpieces-ground</resource-datafile>
  <resource-ident>snow/ice2</resource-ident>
    <modifier>ROT0</modifier>
  </resource></surface>
  <position>
    <x-pos>677</x-pos>
    <y-pos>585</y-pos>
    <z-pos>0</z-pos>
  </position>
</worldobj>

<worldobj type="groundpiece">
  <type>ground</type>
  <surface><resource type="datafile">
    <resource-datafile>groundpieces-ground</resource-datafile>
  <resource-ident>snow/ice2</resource-ident>
    <modifier>ROT0</modifier>
  </resource></surface>
  <position>
    <x-pos>605</x-pos>
    <y-pos>585</y-pos>
    <z-pos>0</z-pos>
  </position>
</worldobj>

<worldobj type="groundpiece">
  <type>ground</type>
  <surface><resource type="datafile">
    <resource-datafile>groundpieces-ground</resource-datafile>
  <resource-ident>snow/ice2</resource-ident>
    <modifier>ROT0</modifier>
  </resource></surface>
  <position>
    <x-pos>183</x-pos>
    <y-pos>472</y-pos>
    <z-pos>0</z-pos>
  </position>
</worldobj>

<worldobj type="groundpiece">
  <type>ground</type>
  <surface><resource type="datafile">
    <resource-datafile>groundpieces-ground</resource-datafile>
  <resource-ident>snow/ice2</resource-ident>
    <modifier>ROT0</modifier>
  </resource></surface>
  <position>
    <x-pos>235</x-pos>
    <y-pos>473</y-pos>
    <z-pos>0</z-pos>
  </position>
</worldobj>

<worldobj type="groundpiece">
  <type>ground</type>
  <surface><resource type="datafile">
    <resource-datafile>groundpieces-ground</resource-datafile>
  <resource-ident>snow/ice2</resource-ident>
    <modifier>ROT0</modifier>
  </resource></surface>
  <position>
    <x-pos>111</x-pos>
    <y-pos>471</y-pos>
    <z-pos>0</z-pos>
  </position>
</worldobj>

<worldobj type="groundpiece">
  <type>ground</type>
  <surface><resource type="datafile">
    <resource-datafile>groundpieces-ground</resource-datafile>
  <resource-ident>snow/ice2</resource-ident>
    <modifier>ROT0</modifier>
  </resource></surface>
  <position>
    <x-pos>190</x-pos>
    <y-pos>695</y-pos>
    <z-pos>0</z-pos>
  </position>
</worldobj>

<worldobj type="groundpiece">
  <type>ground</type>
  <surface><resource type="datafile">
    <resource-datafile>groundpieces-ground</resource-datafile>
  <resource-ident>snow/ice2</resource-ident>
    <modifier>ROT0</modifier>
  </resource></surface>
  <position>
    <x-pos>262</x-pos>
    <y-pos>695</y-pos>
    <z-pos>0</z-pos>
  </position>
</worldobj>

<worldobj type="groundpiece">
  <type>ground</type>
  <surface><resource type="datafile">
    <resource-datafile>groundpieces-ground</resource-datafile>
  <resource-ident>snow/ice2</resource-ident>
    <modifier>ROT0</modifier>
  </resource></surface>
  <position>
    <x-pos>443</x-pos>
    <y-pos>248</y-pos>
    <z-pos>0</z-pos>
  </position>
</worldobj>

<worldobj type="groundpiece">
  <type>ground</type>
  <surface><resource type="datafile">
    <resource-datafile>groundpieces-ground</resource-datafile>
  <resource-ident>snow/ice2</resource-ident>
    <modifier>ROT0</modifier>
  </resource></surface>
  <position>
    <x-pos>513</x-pos>
    <y-pos>248</y-pos>
    <z-pos>0</z-pos>
  </position>
</worldobj>

<worldobj type="groundpiece">
  <type>ground</type>
  <surface><resource type="datafile">
    <resource-datafile>groundpieces-ground</resource-datafile>
  <resource-ident>snow/ice2</resource-ident>
    <modifier>ROT0</modifier>
  </resource></surface>
  <position>
    <x-pos>565</x-pos>
    <y-pos>248</y-pos>
    <z-pos>0</z-pos>
  </position>
</worldobj>

<worldobj type="groundpiece">
  <type>ground</type>
  <surface><resource type="datafile">
    <resource-datafile>groundpieces-ground</resource-datafile>
  <resource-ident>snow/ice2</resource-ident>
    <modifier>ROT0</modifier>
  </resource></surface>
  <position>
    <x-pos>629</x-pos>
    <y-pos>247</y-pos>
    <z-pos>0</z-pos>
  </position>
</worldobj>

<worldobj type="groundpiece">
  <type>ground</type>
  <surface><resource type="datafile">
    <resource-datafile>groundpieces-ground</resource-datafile>
  <resource-ident>snow/ice2</resource-ident>
    <modifier>ROT0</modifier>
  </resource></surface>
  <position>
    <x-pos>701</x-pos>
    <y-pos>248</y-pos>
    <z-pos>0</z-pos>
  </position>
</worldobj>

<worldobj type="groundpiece">
  <type>ground</type>
  <surface><resource type="datafile">
    <resource-datafile>groundpieces-ground</resource-datafile>
  <resource-ident>snow/ice2</resource-ident>
    <modifier>ROT0</modifier>
  </resource></surface>
  <position>
    <x-pos>753</x-pos>
    <y-pos>247</y-pos>
    <z-pos>0</z-pos>
  </position>
</worldobj>

<worldobj type="groundpiece">
  <type>ground</type>
  <surface><resource type="datafile">
    <resource-datafile>groundpieces-ground</resource-datafile>
  <resource-ident>snow/ice2</resource-ident>
    <modifier>ROT0</modifier>
  </resource></surface>
  <position>
    <x-pos>826</x-pos>
    <y-pos>248</y-pos>
    <z-pos>0</z-pos>
  </position>
</worldobj>

<worldobj type="groundpiece">
  <type>ground</type>
  <surface><resource type="datafile">
    <resource-datafile>groundpieces-ground</resource-datafile>
  <resource-ident>snow/ice2</resource-ident>
    <modifier>ROT0</modifier>
  </resource></surface>
  <position>
    <x-pos>888</x-pos>
    <y-pos>248</y-pos>
    <z-pos>0</z-pos>
  </position>
</worldobj>

<worldobj type="groundpiece">
  <type>ground</type>
  <surface><resource type="datafile">
    <resource-datafile>groundpieces-ground</resource-datafile>
  <resource-ident>snow/block2</resource-ident>
    <modifier>ROT0</modifier>
  </resource></surface>
  <position>
    <x-pos>789</x-pos>
    <y-pos>361</y-pos>
    <z-pos>0</z-pos>
  </position>
</worldobj>

<worldobj type="groundpiece">
  <type>ground</type>
  <surface><resource type="datafile">
    <resource-datafile>groundpieces-ground</resource-datafile>
  <resource-ident>snow/ice2</resource-ident>
    <modifier>ROT0</modifier>
  </resource></surface>
  <position>
    <x-pos>401</x-pos>
    <y-pos>360</y-pos>
    <z-pos>0</z-pos>
  </position>
</worldobj>

<hotspot>
  <surface><resource type="datafile">
    <resource-datafile>entrances</resource-datafile>
  <resource-ident>entrances/snow_front</resource-ident>
    <modifier>ROT0</modifier>
  </resource></surface>
  <position>
    <x-pos>783.181</x-pos>
    <y-pos>109.638</y-pos>
    <z-pos>100</z-pos>
  </position>
  <speed>-1</speed>
  <parallax>1</parallax>
</hotspot>

<liquid use-old-width-handling="0">
  <surface><resource type="datafile">
    <resource-datafile>liquids</resource-datafile>
  <resource-ident>Liquid/water2</resource-ident>
    <modifier>ROT0</modifier>
  </resource></surface>
  <position>
    <x-pos>-63</x-pos>
    <y-pos>944</y-pos>
    <z-pos>100</z-pos>
  </position>
  <width>20</width>
  <speed>60</speed>
</liquid>

  <start-position>
  <position>
    <x-pos>812</x-pos>
    <y-pos>263</y-pos>
    <z-pos>1000</z-pos>
  </position>
  </start-position>

</pingus-level>

