<pingus-world>
  <world-name lang="en">Crystal</world-name>
  <description lang="en">-</description>
  
  <background>
    <surface>
      <resource type="datafile">
	<resource-datafile>textures</resource-datafile>
	<resource-ident>Textures/crystal</resource-ident>
      </resource>
    </surface>
  </background>
  
  <level-list>
    <level>crystal1.xml</level>
    <level>crystal2.xml</level>
    <level>crystal3.xml</level>
    <level>crystal4.xml</level>
    <level>crystal5.xml</level>
  </level-list>

</pingus-world>

