<pingus-world>

  <world-name lang="en">Egypt</world-name>
  <description lang="en">After their long journey through &lt;some country&gt; the Pingus reach Egypt. They are pretty impressed by the pyramids, but they need to be carfull, this country has lots of dangerous places.</description>

  <background>
    <surface>
      <resource type="datafile">
	<resource-datafile>textures</resource-datafile>
	<resource-ident>Textures/desert</resource-ident>
      </resource>
    </surface>
  </background>

  <level-list>
    <level>desert1.xml</level>
    <level>desert3.xml</level>
      <level>desert2.xml</level>
  </level-list>
  
</pingus-world>