<pingus-world>
  <world-name lang="en">Experimental</world-name>
  <description lang="en">All this level are experimental and *not* playable.</description>

  <background>
    <surface>
      <resource type="datafile">
	<resource-datafile>textures</resource-datafile>
	<resource-ident>Textures/rooftile2</resource-ident>
      </resource>
    </surface>
  </background>

  <level-list>
    <level>stone.xml</level>
    <level>block.xml</level>
    <level>foliage1.xml</level>
    <level>foliage3.xml</level>
    <level>foliage4.xml</level>
  </level-list>
</pingus-world>