<pingus-world>
  <world-name lang="en">More levels 15/7</world-name>
    <description lang="en">-</description>

  <background>
    <surface>
      <resource type="datafile">
	<resource-datafile>textures</resource-datafile>
	<resource-ident>Textures/stone</resource-ident>
      </resource>
    </surface>
  </background>

  <level-list>
    <level>intersec.xml</level>
    <level>headbang.xml</level>
    <level>sas.xml</level>
    <level>parallel.xml</level>
    <level>lonely.xml</level>
    <level>block-timpany.xml</level>
  </level-list>

</pingus-world>