<pingus-world>
  <world-name lang="en">Playable Levels (Medium)</world-name>
  <description lang="en">When we have enough, these levels will be catagorised into worlds. More levels are very welcome.</description>

  <background>
    <surface>
      <resource type="datafile">
	<resource-datafile>textures</resource-datafile>
	<resource-ident>Textures/rooftile</resource-ident>
      </resource>
    </surface>
  </background>

  <level-list>
    <level>rockhopping.xml</level>
    <level>real5.xml</level>
    <level>real6.xml</level>
    <level>level12.xml</level>
    <level>real1.xml</level>
    <level>level13.xml</level>
    <level>sortie1.xml</level>
    <level>sortie2.xml</level>
  </level-list>
</pingus-world>