<pingus-world>
  <world-name lang="en">Tutorials</world-name>

  <description lang="en">Before the real life starts, the Pingus can
  do some practice in this tutorial levels. Here you can learn how to
  control them, how to apply actions to them and how to guide them safely to
  the exit.</description>

  <description lang="de">Bevor die Pingus ins wirkliche Leben
  aufbrechen koennen sie in diesen Uebungs Leveln noch etwas ueben.
  Hier kannst du lernen sie zu steuern, ihnen Aufgaben zu geben und
  sie sicher zum Ausgang zu begleiten.</description>
   
  <!-- FIXME: this could use worldobj's backgrounds -->
  <background>
    <surface>
      <resource type="datafile">
	<resource-datafile>textures</resource-datafile>
	<resource-ident>Textures/latejungle</resource-ident>
      </resource>
    </surface>
  </background>
  
  <level-list>
    <level>tutorial1.xml</level>
    <level>tutorial2.xml</level>
    <level>tutorial3.xml</level>
    <level>tutorial4.xml</level>
    <level>tutorial5.xml</level>
  </level-list>
  
</pingus-world>