<pingus-worldmap>
  <surface>
    <resource type="datafile">
      <resource-datafile>worldmaps</resource-datafile>
      <resource-ident>pacman</resource-ident>
    </resource>
  </surface>

  <node-list>
    <level id="1" accessible="1">
      <node id="2">
	<link id="2"/>
	
	<position>
	  <x-pos>321</x-pos>
	  <y-pos>297</y-pos>
	</position>
      </node>

      <level name="pacman1-yingwan.xml"/>
    </level>

    <tube>
      <node id="4">
      <link id="1"/>
      <position>
	<x-pos>232</x-pos>
	<y-pos>297</y-pos>
      </position>
      </node>
      <worldmap linknode="12">volcano.xml</worldmap>
    </tube>

    <level>
      <node id="2">
      <link id="3"/>
      <position>
	<x-pos>432</x-pos>
	<y-pos>297</y-pos>
      </position>
      </node>

      <level name="pacman2-yingwan.xml"/>
    </level>

    <level>
      <node id="3">
      <position>
	<x-pos>542</x-pos>
	<y-pos>297</y-pos>
      </position>
      </node>

      <level name="pacman3-yingwan.xml"/>
    </level>
  </node-list>

</pingus-worldmap>