<pingus-worldmap>
  <properties>
    <name>Volcano Island</name>
    <music>pingus-1.it</music>
    <author>Ingo Ruhnke</author>
    <email>grumbel@gmx.de</email>
    <width>1161</width>
    <height>600</height>
  </properties>
  
  <!-- The graph specifies the path on which the pingu can walk -->
  <graph>
    <nodes>
      <leveldot>
        <dot>
          <name>leveldot_1</name>
          <position>
            <x-pos>50</x-pos>
            <y-pos>377</y-pos>
            <z-pos>10</z-pos>
          </position>
        </dot>
        <levelname>playable/hellmouth1-grumbel</levelname>
      </leveldot>

      <leveldot>
        <dot>
          <name>leveldot_2</name>
          <position>
            <x-pos>180</x-pos>
            <y-pos>345</y-pos>
            <z-pos>10</z-pos>
          </position>
        </dot>
        <levelname>playable/hellmouth2-grumbel</levelname>
      </leveldot>

      <leveldot>
        <dot>
          <name>leveldot_3</name>
          <position>
            <x-pos>241</x-pos>
            <y-pos>358</y-pos>
            <z-pos>10</z-pos>
          </position>
        </dot>
        <levelname>playable/hellmouth3-grumbel</levelname>
      </leveldot>


      <leveldot>
        <dot>
          <name>leveldot_4</name>
          <position>
            <x-pos>336</x-pos>
            <y-pos>325</y-pos>
            <z-pos>10</z-pos>
          </position>
        </dot>
        <levelname>playable/hellmouth4-grumbel</levelname>
      </leveldot>


      <leveldot>
        <dot>
          <name>leveldot_5</name>
          <position>
            <x-pos>418</x-pos>
            <y-pos>310</y-pos>
            <z-pos>10</z-pos>
          </position>
        </dot>
        <levelname>playable/hellmouth5-grumbel</levelname>
      </leveldot>

      <leveldot>
        <dot>
          <name>leveldot_6</name>
          <position>
            <x-pos>381</x-pos>
            <y-pos>277</y-pos>
            <z-pos>10</z-pos>
          </position>
        </dot>
        <levelname>playable/hellmouth6-grumbel</levelname>
      </leveldot>


      <leveldot>
        <dot>
          <name>leveldot_7</name>
          <position>
            <x-pos>370</x-pos>
            <y-pos>247</y-pos>
            <z-pos>10</z-pos>
          </position>
        </dot>
        <levelname>playable/hellmouth7-grumbel</levelname>
      </leveldot>


      <leveldot>
        <dot>
          <name>leveldot_8</name>
          <position>
            <x-pos>422</x-pos>
            <y-pos>230</y-pos>
            <z-pos>10</z-pos>
          </position>
        </dot>
        <levelname>playable/hellmouth8-grumbel</levelname>
      </leveldot>


      <leveldot>
        <dot>
          <name>leveldot_9</name>
          <position>
            <x-pos>469</x-pos>
            <y-pos>177</y-pos>
            <z-pos>10</z-pos>
          </position>
        </dot>
        <levelname>playable/hellmouth9-grumbel</levelname>
      </leveldot>

      <leveldot>
        <dot>
          <name>leveldot_10</name>
          <position>
            <x-pos>353</x-pos>
            <y-pos>388</y-pos>
            <z-pos>10</z-pos>
          </position>
        </dot>
        <levelname>playable/hellmouth10-grumbel</levelname>
      </leveldot>

      <leveldot>
        <dot>
          <name>leveldot_11</name>
          <position>
            <x-pos>498</x-pos>
            <y-pos>386</y-pos>
            <z-pos>10</z-pos>
          </position>
        </dot>
        <levelname>playable/hellmouth12-grumbel</levelname>
      </leveldot>

      <leveldot>
        <dot>
          <name>leveldot_12</name>
          <position>
            <x-pos>581</x-pos>
            <y-pos>406</y-pos>
            <z-pos>10</z-pos>
          </position>
        </dot>
        <levelname>playable/hellmouth12-grumbel</levelname>
      </leveldot>

      <leveldot>
        <dot>
          <name>leveldot_13</name>
          <position>
            <x-pos>691</x-pos>
            <y-pos>392</y-pos>
            <z-pos>10</z-pos>
          </position>
        </dot>
        <levelname>playable/hellmouth13-grumbel</levelname>
      </leveldot>

      <leveldot>
        <dot>
          <name>leveldot_14</name>
          <position>
            <x-pos>744</x-pos>
            <y-pos>377</y-pos>
            <z-pos>10</z-pos>
          </position>
        </dot>
        <levelname>playable/hellmouth14-grumbel</levelname>
      </leveldot>

      <leveldot>
        <dot>
          <name>leveldot_15</name>
          <position>
            <x-pos>535</x-pos>
            <y-pos>451</y-pos>
            <z-pos>10</z-pos>
          </position>
        </dot>
        <levelname>playable/hellmouth15-grumbel</levelname>
      </leveldot>

      <leveldot>
        <dot>
          <name>leveldot_16</name>
          <position>
            <x-pos>639</x-pos>
            <y-pos>447</y-pos>
            <z-pos>10</z-pos>
          </position>
        </dot>
        <levelname>playable/hellmouth17-grumbel</levelname>
      </leveldot>


      <leveldot>
        <dot>
          <name>leveldot_17</name>
          <position>
            <x-pos>497</x-pos>
            <y-pos>280</y-pos>
            <z-pos>10</z-pos>
          </position>
        </dot>
        <levelname>playable/hellmouth17-grumbel</levelname>
      </leveldot>

      <leveldot>
        <dot>
          <name>leveldot_18</name>
          <position>
            <x-pos>593</x-pos>
            <y-pos>259</y-pos>
            <z-pos>10</z-pos>
          </position>
        </dot>

        <levelname>playable/hellmouth18-grumbel</levelname>
      </leveldot>

    </nodes>
    
    <edges>
      <edge name="egde_1" source="leveldot_1" destination="leveldot_2"> 
        <position>
          <x-pos>84</x-pos>
          <y-pos>360</y-pos>
          <z-pos>0</z-pos>
        </position>


        <position>
          <x-pos>108</x-pos>
          <y-pos>353</y-pos>
          <z-pos>0</z-pos>
        </position>


        <position>
          <x-pos>132</x-pos>
          <y-pos>350</y-pos>
          <z-pos>0</z-pos>
        </position>


        <position>
          <x-pos>154</x-pos>
          <y-pos>352</y-pos>
          <z-pos>0</z-pos>
        </position>
      </edge>

      <edge name="egde_2" source="leveldot_2" destination="leveldot_3"> 
      </edge>

      <edge name="egde_3" source="leveldot_3" destination="leveldot_4"> 
        <position>
          <x-pos>284</x-pos>
          <y-pos>347</y-pos>
          <z-pos>0</z-pos>
        </position>

        <position>
          <x-pos>309</x-pos>
          <y-pos>335</y-pos>
          <z-pos>0</z-pos>
        </position>
      </edge>

      <edge name="egde_4" source="leveldot_4" destination="leveldot_5"></edge>
      <edge name="egde_5" source="leveldot_5" destination="leveldot_6"></edge>
      <edge name="egde_6" source="leveldot_6" destination="leveldot_7"></edge>
      <edge name="egde_7" source="leveldot_7" destination="leveldot_8"></edge>
      <edge name="egde_8" source="leveldot_8" destination="leveldot_9"></edge>

      <edge name="egde_9" source="leveldot_3" destination="leveldot_10"></edge>

      <edge name="egde_10" source="leveldot_10" destination="leveldot_15">
        <position>
          <x-pos>377</x-pos>
          <y-pos>406</y-pos>
          <z-pos>0</z-pos>
        </position>


        <position>
          <x-pos>401</x-pos>
          <y-pos>428</y-pos>
          <z-pos>0</z-pos>
        </position>


        <position>
          <x-pos>423</x-pos>
          <y-pos>449</y-pos>
          <z-pos>0</z-pos>
        </position>


        <position>
          <x-pos>468</x-pos>
          <y-pos>451</y-pos>
          <z-pos>0</z-pos>
        </position>


        <position>
          <x-pos>494</x-pos>
          <y-pos>449</y-pos>
          <z-pos>0</z-pos>
        </position>
      </edge>

      <edge name="egde_9" source="leveldot_3" destination="leveldot_10"></edge>

      <edge name="egde_9" source="leveldot_10" destination="leveldot_11">
        <position>
          <x-pos>394</x-pos>
          <y-pos>377</y-pos>
          <z-pos>0</z-pos>
        </position>


        <position>
          <x-pos>433</x-pos>
          <y-pos>375</y-pos>
          <z-pos>0</z-pos>
        </position>


        <position>
          <x-pos>465</x-pos>
          <y-pos>377</y-pos>
          <z-pos>0</z-pos>
        </position>
      </edge>

      <edge name="egde_10" source="leveldot_11" destination="leveldot_12">
        <position>
          <x-pos>538</x-pos>
          <y-pos>405</y-pos>
          <z-pos>0</z-pos>
        </position>
      </edge>

      <edge name="egde_11" source="leveldot_12" destination="leveldot_13">
        <position>
          <x-pos>621</x-pos>
          <y-pos>398</y-pos>
          <z-pos>0</z-pos>
        </position>


        <position>
          <x-pos>653</x-pos>
          <y-pos>392</y-pos>
          <z-pos>0</z-pos>
        </position>
      </edge>

      <edge name="egde_12" source="leveldot_13" destination="leveldot_14">
      </edge>

      <edge name="egde_12" source="leveldot_15" destination="leveldot_16">
        <position>
          <x-pos>591</x-pos>
          <y-pos>453</y-pos>
          <z-pos>0</z-pos>
        </position>
      </edge>

      <edge name="egde_12" source="leveldot_13" destination="leveldot_16">
        <position>
          <x-pos>665</x-pos>
          <y-pos>419</y-pos>
          <z-pos>0</z-pos>
        </position>
      </edge>

    </edges>
  </graph>
  
  <!-- Objects are other things on the worldmap, most likly background
  surfaces or other animated stuff -->
  <objects>
    <!-- container for a worldmapobj, so that the worldmap object can
    have an id (id's are used to hide/show worldmap objects -->
    <surface name="background_1">
      <surface>
        <resource type="datafile">
          <resource-datafile>worldmaps</resource-datafile>
          <resource-ident>volcano</resource-ident>
        </resource>
      </surface>

      <position>
        <x-pos>0</x-pos>
        <y-pos>0</y-pos>
        <z-pos>-100</z-pos>
      </position>
    </surface>

  </objects>
</pingus-worldmap>

<!-- EOF -->     
